Gold market premium/discount data,,,,,,,,,,,,,
,,,,,,,,,,,,,
Indian Premium/Discount (US$/oz),,,,"The Indian premium/discount data is sourced from NCDEX (one of the commodity exchanges in India), which started publishing this data from 21 May 2015. Prior to that, premium/discount was calculated using the 'Premia Sheet-Old' worksheet. More information can be found in the accompanying metholdogy note. *Polled Premium for 995 Gold at Ahmedabad in USD/troy oz.",,,,,,,,,
Source: MCX; RBI; NCDEX; World Gold Council,,,,,,,,,,,,,
,,,,,,,,,,,,,
2012-01-18,-11.9,,,,,,,,,,,,
2012-01-19,-1.9,,,,,,,,,,,,
2012-01-20,-1.0,,,,,,,,,,,,
2012-01-23,-8.0,,,,,,,,,,,,
2012-01-24,-3.3,,,,,,,,,,,,
2012-01-25,-3.9,,,,,,,,,,,,
2012-01-26,-3.9,,,,,,,,,,,,
2012-01-27,-11.9,,,,,,,,,,,,
2012-01-30,0.0,,,,,,,,,,,,
2012-01-31,-13.6,,,,,,,,,,,,
2012-02-01,-11.2,,,,,,,,,,,,
2012-02-02,-5.3,,,,,,,,,,,,
2012-02-03,-10.9,,,,,,,,,,,,
2012-02-06,11.0,,,,,,,,,,,,
2012-02-07,-3.5,,,,,,,,,,,,
2012-02-08,2.1,,,,,,,,,,,,
2012-02-09,1.1,,,,,,,,,,,,
2012-02-10,-4.0,,,,,,,,,,,,
2012-02-13,-7.6,,,,,,,,,,,,
2012-02-14,-7.9,,,,,,,,,,,,
2012-02-15,-4.0,,,,,,,,,,,,
2012-02-16,-4.0,,,,,,,,,,,,
2012-02-17,-6.9,,,,,,,,,,,,
2012-02-20,-6.9,,,,,,,,,,,,
2012-02-21,-0.7,,,,,,,,,,,,
2012-02-22,-5.9,,,,,,,,,,,,
2012-02-23,-9.2,,,,,,,,,,,,
2012-02-24,-5.7,,,,,,,,,,,,
2012-02-27,4.0,,,,,,,,,,,,
2012-02-28,-5.5,,,,,,,,,,,,
2012-02-29,-7.0,,,,,,,,,,,,
2012-03-01,-8.1,,,,,,,,,,,,
2012-03-02,-0.9,,,,,,,,,,,,
2012-03-05,-5.5,,,,,,,,,,,,
2012-03-06,4.1,,,,,,,,,,,,
2012-03-07,-17.2,,,,,,,,,,,,
2012-03-08,-17.2,,,,,,,,,,,,
2012-03-09,-10.5,,,,,,,,,,,,
2012-03-12,-6.1,,,,,,,,,,,,
2012-03-13,-4.6,,,,,,,,,,,,
2012-03-14,0.2,,,,,,,,,,,,
2012-03-15,0.2,,,,,,,,,,,,
2012-03-16,-15.2,,,,,,,,,,,,
2012-03-19,-14.1,,,,,,,,,,,,
2012-03-20,-12.8,,,,,,,,,,,,
2012-03-21,-31.3,,,,,,,,,,,,
2012-03-22,-21.3,,,,,,,,,,,,
2012-03-23,-21.3,,,,,,,,,,,,
2012-03-26,-50.6,,,,,,,,,,,,
2012-03-27,-74.0,,,,,,,,,,,,
2012-03-28,-57.3,,,,,,,,,,,,
2012-03-29,-43.2,,,,,,,,,,,,
2012-03-30,-48.6,,,,,,,,,,,,
2012-04-02,-48.6,,,,,,,,,,,,
2012-04-03,-21.6,,,,,,,,,,,,
2012-04-04,-18.6,,,,,,,,,,,,
2012-04-05,-18.6,,,,,,,,,,,,
2012-04-06,-18.6,,,,,,,,,,,,
2012-04-09,-18.6,,,,,,,,,,,,
2012-04-10,-3.9,,,,,,,,,,,,
2012-04-11,-8.0,,,,,,,,,,,,
2012-04-12,-9.1,,,,,,,,,,,,
2012-04-13,-7.3,,,,,,,,,,,,
2012-04-16,-6.7,,,,,,,,,,,,
2012-04-17,-6.4,,,,,,,,,,,,
2012-04-18,0.2,,,,,,,,,,,,
2012-04-19,-6.1,,,,,,,,,,,,
2012-04-20,0.5,,,,,,,,,,,,
2012-04-23,3.5,,,,,,,,,,,,
2012-04-24,-6.4,,,,,,,,,,,,
2012-04-25,-2.2,,,,,,,,,,,,
2012-04-26,-8.2,,,,,,,,,,,,
2012-04-27,-9.6,,,,,,,,,,,,
2012-04-30,-2.8,,,,,,,,,,,,
2012-05-01,-2.8,,,,,,,,,,,,
2012-05-02,-4.7,,,,,,,,,,,,
2012-05-03,-1.4,,,,,,,,,,,,
2012-05-04,-11.8,,,,,,,,,,,,
2012-05-07,-11.8,,,,,,,,,,,,
2012-05-08,6.1,,,,,,,,,,,,
2012-05-09,6.1,,,,,,,,,,,,
2012-05-10,-1.3,,,,,,,,,,,,
2012-05-11,-3.8,,,,,,,,,,,,
2012-05-14,2.9,,,,,,,,,,,,
2012-05-15,-3.0,,,,,,,,,,,,
2012-05-16,-0.2,,,,,,,,,,,,
2012-05-17,0.0,,,,,,,,,,,,
2012-05-18,-18.5,,,,,,,,,,,,
2012-05-21,-3.1,,,,,,,,,,,,
2012-05-22,6.7,,,,,,,,,,,,
2012-05-23,-1.7,,,,,,,,,,,,
2012-05-24,-16.3,,,,,,,,,,,,
2012-05-25,-16.0,,,,,,,,,,,,
2012-05-28,-10.9,,,,,,,,,,,,
2012-05-29,-8.6,,,,,,,,,,,,
2012-05-30,-4.8,,,,,,,,,,,,
2012-05-31,-23.2,,,,,,,,,,,,
2012-06-01,-2.8,,,,,,,,,,,,
2012-06-04,-2.8,,,,,,,,,,,,
2012-06-05,-2.8,,,,,,,,,,,,
2012-06-06,-16.7,,,,,,,,,,,,
2012-06-07,-12.8,,,,,,,,,,,,
2012-06-08,-0.9,,,,,,,,,,,,
2012-06-11,4.3,,,,,,,,,,,,
2012-06-12,-15.1,,,,,,,,,,,,
2012-06-13,-21.8,,,,,,,,,,,,
2012-06-14,-12.8,,,,,,,,,,,,
2012-06-15,-11.3,,,,,,,,,,,,
2012-06-18,-7.5,,,,,,,,,,,,
2012-06-19,-15.3,,,,,,,,,,,,
2012-06-20,-10.7,,,,,,,,,,,,
2012-06-21,-7.0,,,,,,,,,,,,
2012-06-22,-1.8,,,,,,,,,,,,
2012-06-25,5.7,,,,,,,,,,,,
2012-06-26,-12.1,,,,,,,,,,,,
2012-06-27,-8.8,,,,,,,,,,,,
2012-06-28,-5.1,,,,,,,,,,,,
2012-06-29,-4.5,,,,,,,,,,,,
2012-07-02,-16.6,,,,,,,,,,,,
2012-07-03,-4.4,,,,,,,,,,,,
2012-07-04,-7.8,,,,,,,,,,,,
2012-07-05,-6.3,,,,,,,,,,,,
2012-07-06,1.2,,,,,,,,,,,,
2012-07-09,-5.6,,,,,,,,,,,,
2012-07-10,-16.2,,,,,,,,,,,,
2012-07-11,-1.7,,,,,,,,,,,,
2012-07-12,-2.0,,,,,,,,,,,,
2012-07-13,-13.9,,,,,,,,,,,,
2012-07-16,5.9,,,,,,,,,,,,
2012-07-17,-7.9,,,,,,,,,,,,
2012-07-18,-4.3,,,,,,,,,,,,
2012-07-19,-6.7,,,,,,,,,,,,
2012-07-20,-4.5,,,,,,,,,,,,
2012-07-23,-1.9,,,,,,,,,,,,
2012-07-24,-5.0,,,,,,,,,,,,
2012-07-25,-13.3,,,,,,,,,,,,
2012-07-26,-9.6,,,,,,,,,,,,
2012-07-27,-8.5,,,,,,,,,,,,
2012-07-30,-9.7,,,,,,,,,,,,
2012-07-31,-20.5,,,,,,,,,,,,
2012-08-01,-11.5,,,,,,,,,,,,
2012-08-02,-12.2,,,,,,,,,,,,
2012-08-03,-13.7,,,,,,,,,,,,
2012-08-06,-3.8,,,,,,,,,,,,
2012-08-07,-12.0,,,,,,,,,,,,
2012-08-08,-1.0,,,,,,,,,,,,
2012-08-09,-1.1,,,,,,,,,,,,
2012-08-10,-1.9,,,,,,,,,,,,
2012-08-13,-4.4,,,,,,,,,,,,
2012-08-14,-8.6,,,,,,,,,,,,
2012-08-15,-8.6,,,,,,,,,,,,
2012-08-16,-11.4,,,,,,,,,,,,
2012-08-17,-10.8,,,,,,,,,,,,
2012-08-20,-10.8,,,,,,,,,,,,
2012-08-21,-10.3,,,,,,,,,,,,
2012-08-22,-12.4,,,,,,,,,,,,
2012-08-23,-12.2,,,,,,,,,,,,
2012-08-24,-9.7,,,,,,,,,,,,
2012-08-27,-9.7,,,,,,,,,,,,
2012-08-28,-17.3,,,,,,,,,,,,
2012-08-29,-10.6,,,,,,,,,,,,
2012-08-30,-11.6,,,,,,,,,,,,
2012-08-31,-11.6,,,,,,,,,,,,
2012-09-03,-10.6,,,,,,,,,,,,
2012-09-04,-8.2,,,,,,,,,,,,
2012-09-05,-8.9,,,,,,,,,,,,
2012-09-06,-19.0,,,,,,,,,,,,
2012-09-07,-13.9,,,,,,,,,,,,
2012-09-10,-6.6,,,,,,,,,,,,
2012-09-11,-12.4,,,,,,,,,,,,
2012-09-12,-8.5,,,,,,,,,,,,
2012-09-13,-8.1,,,,,,,,,,,,
2012-09-14,-16.5,,,,,,,,,,,,
2012-09-17,-9.9,,,,,,,,,,,,
2012-09-18,-15.2,,,,,,,,,,,,
2012-09-19,-15.2,,,,,,,,,,,,
2012-09-20,-10.4,,,,,,,,,,,,
2012-09-21,-19.0,,,,,,,,,,,,
2012-09-24,-1.1,,,,,,,,,,,,
2012-09-25,-12.4,,,,,,,,,,,,
2012-09-26,-9.3,,,,,,,,,,,,
2012-09-27,-8.6,,,,,,,,,,,,
2012-09-28,-9.8,,,,,,,,,,,,
2012-10-01,-14.3,,,,,,,,,,,,
2012-10-02,-14.3,,,,,,,,,,,,
2012-10-03,-10.5,,,,,,,,,,,,
2012-10-04,-11.5,,,,,,,,,,,,
2012-10-05,3.6,,,,,,,,,,,,
2012-10-08,5.5,,,,,,,,,,,,
2012-10-09,9.8,,,,,,,,,,,,
2012-10-10,-2.7,,,,,,,,,,,,
2012-10-11,-13.4,,,,,,,,,,,,
2012-10-12,-2.0,,,,,,,,,,,,
2012-10-15,-9.7,,,,,,,,,,,,
2012-10-16,2.1,,,,,,,,,,,,
2012-10-17,2.5,,,,,,,,,,,,
2012-10-18,-3.4,,,,,,,,,,,,
2012-10-19,1.7,,,,,,,,,,,,
2012-10-22,-7.2,,,,,,,,,,,,
2012-10-23,-4.0,,,,,,,,,,,,
2012-10-24,-4.0,,,,,,,,,,,,
2012-10-25,-2.8,,,,,,,,,,,,
2012-10-26,-2.8,,,,,,,,,,,,
2012-10-29,2.4,,,,,,,,,,,,
2012-10-30,-9.9,,,,,,,,,,,,
2012-10-31,-10.3,,,,,,,,,,,,
2012-11-01,-5.3,,,,,,,,,,,,
2012-11-02,-2.0,,,,,,,,,,,,
2012-11-05,9.7,,,,,,,,,,,,
2012-11-06,-12.0,,,,,,,,,,,,
2012-11-07,-16.7,,,,,,,,,,,,
2012-11-08,-3.8,,,,,,,,,,,,
2012-11-09,4.0,,,,,,,,,,,,
2012-11-12,-4.4,,,,,,,,,,,,
2012-11-13,-4.4,,,,,,,,,,,,
2012-11-14,-4.4,,,,,,,,,,,,
2012-11-15,6.5,,,,,,,,,,,,
2012-11-16,19.0,,,,,,,,,,,,
2012-11-19,-3.4,,,,,,,,,,,,
2012-11-20,-3.0,,,,,,,,,,,,
2012-11-21,-6.7,,,,,,,,,,,,
2012-11-22,-3.5,,,,,,,,,,,,
2012-11-23,-3.6,,,,,,,,,,,,
2012-11-26,-6.0,,,,,,,,,,,,
2012-11-27,-14.6,,,,,,,,,,,,
2012-11-28,-14.6,,,,,,,,,,,,
2012-11-29,-16.6,,,,,,,,,,,,
2012-11-30,-6.9,,,,,,,,,,,,
2012-12-03,-3.7,,,,,,,,,,,,
2012-12-04,-14.3,,,,,,,,,,,,
2012-12-05,-6.5,,,,,,,,,,,,
2012-12-06,-15.3,,,,,,,,,,,,
2012-12-07,4.4,,,,,,,,,,,,
2012-12-10,2.8,,,,,,,,,,,,
2012-12-11,-5.0,,,,,,,,,,,,
2012-12-12,-5.4,,,,,,,,,,,,
2012-12-13,3.7,,,,,,,,,,,,
2012-12-14,0.8,,,,,,,,,,,,
2012-12-17,-2.5,,,,,,,,,,,,
2012-12-18,-2.4,,,,,,,,,,,,
2012-12-19,-8.4,,,,,,,,,,,,
2012-12-20,-2.8,,,,,,,,,,,,
2012-12-21,-1.0,,,,,,,,,,,,
2012-12-24,-9.0,,,,,,,,,,,,
2012-12-25,-9.0,,,,,,,,,,,,
2012-12-26,-9.0,,,,,,,,,,,,
2012-12-27,-3.0,,,,,,,,,,,,
2012-12-28,-5.0,,,,,,,,,,,,
2012-12-31,-6.4,,,,,,,,,,,,
2013-01-01,-6.4,,,,,,,,,,,,
2013-01-02,-3.8,,,,,,,,,,,,
2013-01-03,4.8,,,,,,,,,,,,
2013-01-04,19.1,,,,,,,,,,,,
2013-01-07,10.5,,,,,,,,,,,,
2013-01-08,-7.7,,,,,,,,,,,,
2013-01-09,-4.6,,,,,,,,,,,,
2013-01-10,-5.5,,,,,,,,,,,,
2013-01-11,2.4,,,,,,,,,,,,
2013-01-14,-5.7,,,,,,,,,,,,
2013-01-15,-15.1,,,,,,,,,,,,
2013-01-16,-6.8,,,,,,,,,,,,
2013-01-17,-16.4,,,,,,,,,,,,
2013-01-18,-6.7,,,,,,,,,,,,
2013-01-21,-40.0,,,,,,,,,,,,
2013-01-22,-12.4,,,,,,,,,,,,
2013-01-23,-23.5,,,,,,,,,,,,
2013-01-24,-18.6,,,,,,,,,,,,
2013-01-25,-18.6,,,,,,,,,,,,
2013-01-28,-15.7,,,,,,,,,,,,
2013-01-29,-10.8,,,,,,,,,,,,
2013-01-30,-20.1,,,,,,,,,,,,
2013-01-31,-21.6,,,,,,,,,,,,
2013-02-01,-25.1,,,,,,,,,,,,
2013-02-04,-3.9,,,,,,,,,,,,
2013-02-05,-13.2,,,,,,,,,,,,
2013-02-06,-3.6,,,,,,,,,,,,
2013-02-07,-5.6,,,,,,,,,,,,
2013-02-08,-7.4,,,,,,,,,,,,
2013-02-11,-6.0,,,,,,,,,,,,
2013-02-12,-4.6,,,,,,,,,,,,
2013-02-13,-6.0,,,,,,,,,,,,
2013-02-14,-5.6,,,,,,,,,,,,
2013-02-15,0.8,,,,,,,,,,,,
2013-02-18,-4.1,,,,,,,,,,,,
2013-02-19,-4.1,,,,,,,,,,,,
2013-02-20,-2.3,,,,,,,,,,,,
2013-02-21,-5.3,,,,,,,,,,,,
2013-02-22,-8.5,,,,,,,,,,,,
2013-02-25,-7.7,,,,,,,,,,,,
2013-02-26,-13.2,,,,,,,,,,,,
2013-02-27,-4.1,,,,,,,,,,,,
2013-02-28,17.0,,,,,,,,,,,,
2013-03-01,7.2,,,,,,,,,,,,
2013-03-04,-12.3,,,,,,,,,,,,
2013-03-05,-3.7,,,,,,,,,,,,
2013-03-06,-5.6,,,,,,,,,,,,
2013-03-07,-13.9,,,,,,,,,,,,
2013-03-08,-8.5,,,,,,,,,,,,
2013-03-11,-5.5,,,,,,,,,,,,
2013-03-12,-6.7,,,,,,,,,,,,
2013-03-13,1.2,,,,,,,,,,,,
2013-03-14,-12.8,,,,,,,,,,,,
2013-03-15,-8.8,,,,,,,,,,,,
2013-03-18,-9.3,,,,,,,,,,,,
2013-03-19,-3.7,,,,,,,,,,,,
2013-03-20,-10.2,,,,,,,,,,,,
2013-03-21,-10.3,,,,,,,,,,,,
2013-03-22,-10.1,,,,,,,,,,,,
2013-03-25,-5.0,,,,,,,,,,,,
2013-03-26,-7.1,,,,,,,,,,,,
2013-03-27,-7.1,,,,,,,,,,,,
2013-03-28,-12.0,,,,,,,,,,,,
2013-03-29,-12.0,,,,,,,,,,,,
2013-04-01,-12.0,,,,,,,,,,,,
2013-04-02,-10.5,,,,,,,,,,,,
2013-04-03,-4.5,,,,,,,,,,,,
2013-04-04,0.1,,,,,,,,,,,,
2013-04-05,-3.8,,,,,,,,,,,,
2013-04-08,-11.8,,,,,,,,,,,,
2013-04-09,-3.0,,,,,,,,,,,,
2013-04-10,-8.7,,,,,,,,,,,,
2013-04-11,-8.7,,,,,,,,,,,,
2013-04-12,-1.2,,,,,,,,,,,,
2013-04-15,-10.6,,,,,,,,,,,,
2013-04-16,7.6,,,,,,,,,,,,
2013-04-17,5.0,,,,,,,,,,,,
2013-04-18,2.6,,,,,,,,,,,,
2013-04-19,2.6,,,,,,,,,,,,
2013-04-22,12.6,,,,,,,,,,,,
2013-04-23,8.9,,,,,,,,,,,,
2013-04-24,8.9,,,,,,,,,,,,
2013-04-25,15.5,,,,,,,,,,,,
2013-04-26,19.0,,,,,,,,,,,,
2013-04-29,5.8,,,,,,,,,,,,
2013-04-30,-8.3,,,,,,,,,,,,
2013-05-01,-8.3,,,,,,,,,,,,
2013-05-02,4.3,,,,,,,,,,,,
2013-05-03,9.3,,,,,,,,,,,,
2013-05-06,9.3,,,,,,,,,,,,
2013-05-07,-4.7,,,,,,,,,,,,
2013-05-08,1.5,,,,,,,,,,,,
2013-05-09,1.7,,,,,,,,,,,,
2013-05-10,-4.8,,,,,,,,,,,,
2013-05-13,4.9,,,,,,,,,,,,
2013-05-14,9.4,,,,,,,,,,,,
2013-05-15,14.8,,,,,,,,,,,,
2013-05-16,21.6,,,,,,,,,,,,
2013-05-17,20.8,,,,,,,,,,,,
2013-05-20,14.9,,,,,,,,,,,,
2013-05-21,20.2,,,,,,,,,,,,
2013-05-22,10.5,,,,,,,,,,,,
2013-05-23,1.5,,,,,,,,,,,,
2013-05-24,7.7,,,,,,,,,,,,
2013-05-27,7.7,,,,,,,,,,,,
2013-05-28,6.9,,,,,,,,,,,,
2013-05-29,-1.3,,,,,,,,,,,,
2013-05-30,-1.2,,,,,,,,,,,,
2013-05-31,0.7,,,,,,,,,,,,
2013-06-03,0.6,,,,,,,,,,,,
2013-06-04,-5.5,,,,,,,,,,,,
2013-06-05,-19.6,,,,,,,,,,,,
2013-06-06,-3.0,,,,,,,,,,,,
2013-06-07,-2.7,,,,,,,,,,,,
2013-06-10,0.7,,,,,,,,,,,,
2013-06-11,-20.4,,,,,,,,,,,,
2013-06-12,-17.6,,,,,,,,,,,,
2013-06-13,-14.7,,,,,,,,,,,,
2013-06-14,-10.5,,,,,,,,,,,,
2013-06-17,-4.2,,,,,,,,,,,,
2013-06-18,-0.1,,,,,,,,,,,,
2013-06-19,-3.5,,,,,,,,,,,,
2013-06-20,-0.1,,,,,,,,,,,,
2013-06-21,-3.2,,,,,,,,,,,,
2013-06-24,8.1,,,,,,,,,,,,
2013-06-25,3.8,,,,,,,,,,,,
2013-06-26,21.2,,,,,,,,,,,,
2013-06-27,-4.5,,,,,,,,,,,,
2013-06-28,1.9,,,,,,,,,,,,
2013-07-01,11.2,,,,,,,,,,,,
2013-07-02,10.0,,,,,,,,,,,,
2013-07-03,9.2,,,,,,,,,,,,
2013-07-04,8.4,,,,,,,,,,,,
2013-07-05,14.2,,,,,,,,,,,,
2013-07-08,5.1,,,,,,,,,,,,
2013-07-09,3.7,,,,,,,,,,,,
2013-07-10,2.4,,,,,,,,,,,,
2013-07-11,11.1,,,,,,,,,,,,
2013-07-12,4.3,,,,,,,,,,,,
2013-07-15,1.2,,,,,,,,,,,,
2013-07-16,1.4,,,,,,,,,,,,
2013-07-17,4.5,,,,,,,,,,,,
2013-07-18,-0.8,,,,,,,,,,,,
2013-07-19,2.5,,,,,,,,,,,,
2013-07-22,5.1,,,,,,,,,,,,
2013-07-23,8.2,,,,,,,,,,,,
2013-07-24,1.7,,,,,,,,,,,,
2013-07-25,23.8,,,,,,,,,,,,
2013-07-26,24.5,,,,,,,,,,,,
2013-07-29,37.6,,,,,,,,,,,,
2013-07-30,47.5,,,,,,,,,,,,
2013-07-31,17.3,,,,,,,,,,,,
2013-08-01,15.4,,,,,,,,,,,,
2013-08-02,34.5,,,,,,,,,,,,
2013-08-05,25.9,,,,,,,,,,,,
2013-08-06,23.4,,,,,,,,,,,,
2013-08-07,25.6,,,,,,,,,,,,
2013-08-08,30.2,,,,,,,,,,,,
2013-08-09,30.2,,,,,,,,,,,,
2013-08-12,42.0,,,,,,,,,,,,
2013-08-13,18.5,,,,,,,,,,,,
2013-08-14,27.4,,,,,,,,,,,,
2013-08-15,27.4,,,,,,,,,,,,
2013-08-16,42.5,,,,,,,,,,,,
2013-08-19,51.7,,,,,,,,,,,,
2013-08-20,30.1,,,,,,,,,,,,
2013-08-21,55.7,,,,,,,,,,,,
2013-08-22,3.7,,,,,,,,,,,,
2013-08-23,-2.4,,,,,,,,,,,,
2013-08-26,-2.4,,,,,,,,,,,,
2013-08-27,-0.2,,,,,,,,,,,,
2013-08-28,-70.3,,,,,,,,,,,,
2013-08-29,-26.5,,,,,,,,,,,,
2013-08-30,-33.0,,,,,,,,,,,,
2013-09-02,-29.9,,,,,,,,,,,,
2013-09-03,-17.7,,,,,,,,,,,,
2013-09-04,-59.1,,,,,,,,,,,,
2013-09-05,-39.7,,,,,,,,,,,,
2013-09-06,-62.1,,,,,,,,,,,,
2013-09-09,-62.1,,,,,,,,,,,,
2013-09-10,-49.7,,,,,,,,,,,,
2013-09-11,-48.1,,,,,,,,,,,,
2013-09-12,-20.2,,,,,,,,,,,,
2013-09-13,-17.9,,,,,,,,,,,,
2013-09-16,2.4,,,,,,,,,,,,
2013-09-17,7.4,,,,,,,,,,,,
2013-09-18,10.3,,,,,,,,,,,,
2013-09-19,17.3,,,,,,,,,,,,
2013-09-20,11.5,,,,,,,,,,,,
2013-09-23,4.1,,,,,,,,,,,,
2013-09-24,9.6,,,,,,,,,,,,
2013-09-25,22.3,,,,,,,,,,,,
2013-09-26,26.6,,,,,,,,,,,,
2013-09-27,36.1,,,,,,,,,,,,
2013-09-30,19.2,,,,,,,,,,,,
2013-10-01,17.7,,,,,,,,,,,,
2013-10-02,17.7,,,,,,,,,,,,
2013-10-03,26.3,,,,,,,,,,,,
2013-10-04,47.5,,,,,,,,,,,,
2013-10-07,45.6,,,,,,,,,,,,
2013-10-08,56.4,,,,,,,,,,,,
2013-10-09,48.1,,,,,,,,,,,,
2013-10-10,59.7,,,,,,,,,,,,
2013-10-11,88.6,,,,,,,,,,,,
2013-10-14,127.7,,,,,,,,,,,,
2013-10-15,118.6,,,,,,,,,,,,
2013-10-16,118.6,,,,,,,,,,,,
2013-10-17,112.8,,,,,,,,,,,,
2013-10-18,124.5,,,,,,,,,,,,
2013-10-21,125.2,,,,,,,,,,,,
2013-10-22,125.0,,,,,,,,,,,,
2013-10-23,127.7,,,,,,,,,,,,
2013-10-24,133.0,,,,,,,,,,,,
2013-10-25,131.4,,,,,,,,,,,,
2013-10-28,116.8,,,,,,,,,,,,
2013-10-29,94.6,,,,,,,,,,,,
2013-10-30,84.0,,,,,,,,,,,,
2013-10-31,76.2,,,,,,,,,,,,
2013-11-01,81.7,,,,,,,,,,,,
2013-11-04,81.7,,,,,,,,,,,,
2013-11-05,83.6,,,,,,,,,,,,
2013-11-06,86.9,,,,,,,,,,,,
2013-11-07,74.9,,,,,,,,,,,,
2013-11-08,73.4,,,,,,,,,,,,
2013-11-11,86.3,,,,,,,,,,,,
2013-11-12,103.9,,,,,,,,,,,,
2013-11-13,106.1,,,,,,,,,,,,
2013-11-14,122.9,,,,,,,,,,,,
2013-11-15,122.9,,,,,,,,,,,,
2013-11-18,123.8,,,,,,,,,,,,
2013-11-19,139.1,,,,,,,,,,,,
2013-11-20,145.4,,,,,,,,,,,,
2013-11-21,144.6,,,,,,,,,,,,
2013-11-22,154.3,,,,,,,,,,,,
2013-11-25,142.5,,,,,,,,,,,,
2013-11-26,153.8,,,,,,,,,,,,
2013-11-27,148.3,,,,,,,,,,,,
2013-11-28,138.2,,,,,,,,,,,,
2013-11-29,143.5,,,,,,,,,,,,
2013-12-02,147.9,,,,,,,,,,,,
2013-12-03,156.6,,,,,,,,,,,,
2013-12-04,167.7,,,,,,,,,,,,
2013-12-05,167.7,,,,,,,,,,,,
2013-12-06,162.4,,,,,,,,,,,,
2013-12-09,160.6,,,,,,,,,,,,
2013-12-10,159.0,,,,,,,,,,,,
2013-12-11,156.8,,,,,,,,,,,,
2013-12-12,149.4,,,,,,,,,,,,
2013-12-13,152.6,,,,,,,,,,,,
2013-12-16,136.0,,,,,,,,,,,,
2013-12-17,133.7,,,,,,,,,,,,
2013-12-18,135.3,,,,,,,,,,,,
2013-12-19,135.1,,,,,,,,,,,,
2013-12-20,151.6,,,,,,,,,,,,
2013-12-23,157.4,,,,,,,,,,,,
2013-12-24,153.2,,,,,,,,,,,,
2013-12-25,153.2,,,,,,,,,,,,
2013-12-26,153.2,,,,,,,,,,,,
2013-12-27,130.6,,,,,,,,,,,,
2013-12-30,136.6,,,,,,,,,,,,
2013-12-31,130.0,,,,,,,,,,,,
2014-01-01,130.0,,,,,,,,,,,,
2014-01-02,138.4,,,,,,,,,,,,
2014-01-03,131.3,,,,,,,,,,,,
2014-01-06,118.2,,,,,,,,,,,,
2014-01-07,107.1,,,,,,,,,,,,
2014-01-08,113.7,,,,,,,,,,,,
2014-01-09,112.6,,,,,,,,,,,,
2014-01-10,117.1,,,,,,,,,,,,
2014-01-13,117.9,,,,,,,,,,,,
2014-01-14,117.9,,,,,,,,,,,,
2014-01-15,124.4,,,,,,,,,,,,
2014-01-16,116.8,,,,,,,,,,,,
2014-01-17,117.4,,,,,,,,,,,,
2014-01-20,108.8,,,,,,,,,,,,
2014-01-21,113.8,,,,,,,,,,,,
2014-01-22,111.1,,,,,,,,,,,,
2014-01-23,101.2,,,,,,,,,,,,
2014-01-24,96.2,,,,,,,,,,,,
2014-01-27,92.3,,,,,,,,,,,,
2014-01-28,89.1,,,,,,,,,,,,
2014-01-29,103.8,,,,,,,,,,,,
2014-01-30,94.7,,,,,,,,,,,,
2014-01-31,104.1,,,,,,,,,,,,
2014-02-03,97.5,,,,,,,,,,,,
2014-02-04,96.0,,,,,,,,,,,,
2014-02-05,99.4,,,,,,,,,,,,
2014-02-06,95.5,,,,,,,,,,,,
2014-02-07,96.7,,,,,,,,,,,,
2014-02-10,89.9,,,,,,,,,,,,
2014-02-11,81.3,,,,,,,,,,,,
2014-02-12,82.2,,,,,,,,,,,,
2014-02-13,78.4,,,,,,,,,,,,
2014-02-14,62.4,,,,,,,,,,,,
2014-02-17,84.5,,,,,,,,,,,,
2014-02-18,90.0,,,,,,,,,,,,
2014-02-19,90.0,,,,,,,,,,,,
2014-02-20,71.8,,,,,,,,,,,,
2014-02-21,73.0,,,,,,,,,,,,
2014-02-24,64.3,,,,,,,,,,,,
2014-02-25,62.8,,,,,,,,,,,,
2014-02-26,55.9,,,,,,,,,,,,
2014-02-27,55.9,,,,,,,,,,,,
2014-02-28,63.1,,,,,,,,,,,,
2014-03-03,53.5,,,,,,,,,,,,
2014-03-04,47.4,,,,,,,,,,,,
2014-03-05,53.3,,,,,,,,,,,,
2014-03-06,53.0,,,,,,,,,,,,
2014-03-07,66.5,,,,,,,,,,,,
2014-03-10,53.5,,,,,,,,,,,,
2014-03-11,55.1,,,,,,,,,,,,
2014-03-12,46.5,,,,,,,,,,,,
2014-03-13,32.8,,,,,,,,,,,,
2014-03-14,26.3,,,,,,,,,,,,
2014-03-17,26.3,,,,,,,,,,,,
2014-03-18,33.6,,,,,,,,,,,,
2014-03-19,35.0,,,,,,,,,,,,
2014-03-20,37.8,,,,,,,,,,,,
2014-03-21,33.9,,,,,,,,,,,,
2014-03-24,35.8,,,,,,,,,,,,
2014-03-25,33.8,,,,,,,,,,,,
2014-03-26,32.9,,,,,,,,,,,,
2014-03-27,27.5,,,,,,,,,,,,
2014-03-28,29.6,,,,,,,,,,,,
2014-03-31,29.6,,,,,,,,,,,,
2014-04-01,29.6,,,,,,,,,,,,
2014-04-02,48.7,,,,,,,,,,,,
2014-04-03,49.1,,,,,,,,,,,,
2014-04-04,43.7,,,,,,,,,,,,
2014-04-07,53.6,,,,,,,,,,,,
2014-04-08,53.6,,,,,,,,,,,,
2014-04-09,51.8,,,,,,,,,,,,
2014-04-10,48.4,,,,,,,,,,,,
2014-04-11,55.7,,,,,,,,,,,,
2014-04-14,55.7,,,,,,,,,,,,
2014-04-15,62.1,,,,,,,,,,,,
2014-04-16,82.8,,,,,,,,,,,,
2014-04-17,82.0,,,,,,,,,,,,
2014-04-18,82.0,,,,,,,,,,,,
2014-04-21,82.0,,,,,,,,,,,,
2014-04-22,92.4,,,,,,,,,,,,
2014-04-23,96.2,,,,,,,,,,,,
2014-04-24,96.2,,,,,,,,,,,,
2014-04-25,90.3,,,,,,,,,,,,
2014-04-28,101.4,,,,,,,,,,,,
2014-04-29,101.6,,,,,,,,,,,,
2014-04-30,103.6,,,,,,,,,,,,
2014-05-01,103.6,,,,,,,,,,,,
2014-05-02,119.4,,,,,,,,,,,,
2014-05-05,119.4,,,,,,,,,,,,
2014-05-06,105.3,,,,,,,,,,,,
2014-05-07,106.4,,,,,,,,,,,,
2014-05-08,110.8,,,,,,,,,,,,
2014-05-09,113.5,,,,,,,,,,,,
2014-05-12,121.6,,,,,,,,,,,,
2014-05-13,110.9,,,,,,,,,,,,
2014-05-14,110.9,,,,,,,,,,,,
2014-05-15,93.3,,,,,,,,,,,,
2014-05-16,93.1,,,,,,,,,,,,
2014-05-19,95.6,,,,,,,,,,,,
2014-05-20,91.8,,,,,,,,,,,,
2014-05-21,79.6,,,,,,,,,,,,
2014-05-22,41.5,,,,,,,,,,,,
2014-05-23,40.4,,,,,,,,,,,,
2014-05-26,40.4,,,,,,,,,,,,
2014-05-27,25.8,,,,,,,,,,,,
2014-05-28,19.1,,,,,,,,,,,,
2014-05-29,30.0,,,,,,,,,,,,
2014-05-30,24.6,,,,,,,,,,,,
2014-06-02,32.0,,,,,,,,,,,,
2014-06-03,30.2,,,,,,,,,,,,
2014-06-04,22.8,,,,,,,,,,,,
2014-06-05,21.9,,,,,,,,,,,,
2014-06-06,15.6,,,,,,,,,,,,
2014-06-09,15.1,,,,,,,,,,,,
2014-06-10,13.9,,,,,,,,,,,,
2014-06-11,5.7,,,,,,,,,,,,
2014-06-12,11.0,,,,,,,,,,,,
2014-06-13,10.3,,,,,,,,,,,,
2014-06-16,17.4,,,,,,,,,,,,
2014-06-17,12.0,,,,,,,,,,,,
2014-06-18,24.9,,,,,,,,,,,,
2014-06-19,15.8,,,,,,,,,,,,
2014-06-20,10.3,,,,,,,,,,,,
2014-06-23,14.0,,,,,,,,,,,,
2014-06-24,9.9,,,,,,,,,,,,
2014-06-25,10.7,,,,,,,,,,,,
2014-06-26,8.8,,,,,,,,,,,,
2014-06-27,5.9,,,,,,,,,,,,
2014-06-30,3.1,,,,,,,,,,,,
2014-07-01,-7.7,,,,,,,,,,,,
2014-07-02,-14.7,,,,,,,,,,,,
2014-07-03,-8.2,,,,,,,,,,,,
2014-07-04,-10.2,,,,,,,,,,,,
2014-07-07,-9.0,,,,,,,,,,,,
2014-07-08,-8.6,,,,,,,,,,,,
2014-07-09,-4.5,,,,,,,,,,,,
2014-07-10,8.8,,,,,,,,,,,,
2014-07-11,-2.1,,,,,,,,,,,,
2014-07-14,5.0,,,,,,,,,,,,
2014-07-15,-3.4,,,,,,,,,,,,
2014-07-16,3.5,,,,,,,,,,,,
2014-07-17,1.3,,,,,,,,,,,,
2014-07-18,0.7,,,,,,,,,,,,
2014-07-21,2.5,,,,,,,,,,,,
2014-07-22,-1.0,,,,,,,,,,,,
2014-07-23,-0.7,,,,,,,,,,,,
2014-07-24,3.4,,,,,,,,,,,,
2014-07-25,3.8,,,,,,,,,,,,
2014-07-28,0.8,,,,,,,,,,,,
2014-07-29,0.8,,,,,,,,,,,,
2014-07-30,1.7,,,,,,,,,,,,
2014-07-31,9.8,,,,,,,,,,,,
2014-08-01,6.3,,,,,,,,,,,,
2014-08-04,-0.8,,,,,,,,,,,,
2014-08-05,-0.9,,,,,,,,,,,,
2014-08-06,3.7,,,,,,,,,,,,
2014-08-07,1.8,,,,,,,,,,,,
2014-08-08,-9.1,,,,,,,,,,,,
2014-08-11,-0.8,,,,,,,,,,,,
2014-08-12,-0.1,,,,,,,,,,,,
2014-08-13,-2.5,,,,,,,,,,,,
2014-08-14,-10.4,,,,,,,,,,,,
2014-08-15,-10.4,,,,,,,,,,,,
2014-08-18,-10.4,,,,,,,,,,,,
2014-08-19,0.2,,,,,,,,,,,,
2014-08-20,1.7,,,,,,,,,,,,
2014-08-21,3.3,,,,,,,,,,,,
2014-08-22,5.8,,,,,,,,,,,,
2014-08-25,5.8,,,,,,,,,,,,
2014-08-26,6.2,,,,,,,,,,,,
2014-08-27,3.8,,,,,,,,,,,,
2014-08-28,9.9,,,,,,,,,,,,
2014-08-29,9.9,,,,,,,,,,,,
2014-09-01,4.3,,,,,,,,,,,,
2014-09-02,-0.6,,,,,,,,,,,,
2014-09-03,0.2,,,,,,,,,,,,
2014-09-04,3.8,,,,,,,,,,,,
2014-09-05,4.7,,,,,,,,,,,,
2014-09-08,4.7,,,,,,,,,,,,
2014-09-09,5.8,,,,,,,,,,,,
2014-09-10,6.0,,,,,,,,,,,,
2014-09-11,-4.4,,,,,,,,,,,,
2014-09-12,3.2,,,,,,,,,,,,
2014-09-15,6.2,,,,,,,,,,,,
2014-09-16,15.6,,,,,,,,,,,,
2014-09-17,-1.1,,,,,,,,,,,,
2014-09-18,-5.1,,,,,,,,,,,,
2014-09-19,-2.7,,,,,,,,,,,,
2014-09-22,-1.2,,,,,,,,,,,,
2014-09-23,10.7,,,,,,,,,,,,
2014-09-24,-2.2,,,,,,,,,,,,
2014-09-25,2.3,,,,,,,,,,,,
2014-09-26,-3.5,,,,,,,,,,,,
2014-09-29,7.6,,,,,,,,,,,,
2014-09-30,14.3,,,,,,,,,,,,
2014-10-01,12.1,,,,,,,,,,,,
2014-10-02,12.1,,,,,,,,,,,,
2014-10-03,12.1,,,,,,,,,,,,
2014-10-06,12.1,,,,,,,,,,,,
2014-10-07,14.9,,,,,,,,,,,,
2014-10-08,13.6,,,,,,,,,,,,
2014-10-09,15.3,,,,,,,,,,,,
2014-10-10,16.7,,,,,,,,,,,,
2014-10-13,11.4,,,,,,,,,,,,
2014-10-14,14.8,,,,,,,,,,,,
2014-10-15,14.8,,,,,,,,,,,,
2014-10-16,18.3,,,,,,,,,,,,
2014-10-17,8.6,,,,,,,,,,,,
2014-10-20,11.7,,,,,,,,,,,,
2014-10-21,11.5,,,,,,,,,,,,
2014-10-22,10.1,,,,,,,,,,,,
2014-10-23,10.1,,,,,,,,,,,,
2014-10-24,10.1,,,,,,,,,,,,
2014-10-27,26.5,,,,,,,,,,,,
2014-10-28,12.6,,,,,,,,,,,,
2014-10-29,8.8,,,,,,,,,,,,
2014-10-30,10.5,,,,,,,,,,,,
2014-10-31,7.3,,,,,,,,,,,,
2014-11-03,16.7,,,,,,,,,,,,
2014-11-04,16.7,,,,,,,,,,,,
2014-11-05,15.4,,,,,,,,,,,,
2014-11-06,15.4,,,,,,,,,,,,
2014-11-07,16.0,,,,,,,,,,,,
2014-11-10,13.9,,,,,,,,,,,,
2014-11-11,14.4,,,,,,,,,,,,
2014-11-12,16.9,,,,,,,,,,,,
2014-11-13,17.9,,,,,,,,,,,,
2014-11-14,21.4,,,,,,,,,,,,
2014-11-17,18.2,,,,,,,,,,,,
2014-11-18,13.4,,,,,,,,,,,,
2014-11-19,13.5,,,,,,,,,,,,
2014-11-20,9.9,,,,,,,,,,,,
2014-11-21,11.6,,,,,,,,,,,,
2014-11-24,9.4,,,,,,,,,,,,
2014-11-25,4.0,,,,,,,,,,,,
2014-11-26,5.4,,,,,,,,,,,,
2014-11-27,3.1,,,,,,,,,,,,
2014-11-28,5.1,,,,,,,,,,,,
2014-12-01,-10.0,,,,,,,,,,,,
2014-12-02,-4.3,,,,,,,,,,,,
2014-12-03,-5.1,,,,,,,,,,,,
2014-12-04,-4.6,,,,,,,,,,,,
2014-12-05,-5.2,,,,,,,,,,,,
2014-12-08,-2.7,,,,,,,,,,,,
2014-12-09,-2.9,,,,,,,,,,,,
2014-12-10,-3.5,,,,,,,,,,,,
2014-12-11,-0.3,,,,,,,,,,,,
2014-12-12,-8.4,,,,,,,,,,,,
2014-12-15,0.8,,,,,,,,,,,,
2014-12-16,-6.9,,,,,,,,,,,,
2014-12-17,-7.7,,,,,,,,,,,,
2014-12-18,-13.2,,,,,,,,,,,,
2014-12-19,-4.1,,,,,,,,,,,,
2014-12-22,-4.8,,,,,,,,,,,,
2014-12-23,-10.1,,,,,,,,,,,,
2014-12-24,-5.5,,,,,,,,,,,,
2014-12-25,-5.5,,,,,,,,,,,,
2014-12-26,-5.5,,,,,,,,,,,,
2014-12-29,-8.3,,,,,,,,,,,,
2014-12-30,-13.9,,,,,,,,,,,,
2014-12-31,-10.9,,,,,,,,,,,,
2015-01-01,-10.9,,,,,,,,,,,,
2015-01-02,-6.6,,,,,,,,,,,,
2015-01-05,-5.3,,,,,,,,,,,,
2015-01-06,-1.9,,,,,,,,,,,,
2015-01-07,-9.6,,,,,,,,,,,,
2015-01-08,-9.0,,,,,,,,,,,,
2015-01-09,-6.0,,,,,,,,,,,,
2015-01-12,-4.6,,,,,,,,,,,,
2015-01-13,-7.4,,,,,,,,,,,,
2015-01-14,1.9,,,,,,,,,,,,
2015-01-15,7.9,,,,,,,,,,,,
2015-01-16,-7.2,,,,,,,,,,,,
2015-01-19,-7.3,,,,,,,,,,,,
2015-01-20,-13.7,,,,,,,,,,,,
2015-01-21,-5.9,,,,,,,,,,,,
2015-01-22,-8.1,,,,,,,,,,,,
2015-01-23,-6.7,,,,,,,,,,,,
2015-01-26,-6.7,,,,,,,,,,,,
2015-01-27,-3.7,,,,,,,,,,,,
2015-01-28,-2.7,,,,,,,,,,,,
2015-01-29,4.6,,,,,,,,,,,,
2015-01-30,-5.1,,,,,,,,,,,,
2015-02-02,-4.5,,,,,,,,,,,,
2015-02-03,-5.8,,,,,,,,,,,,
2015-02-04,-4.2,,,,,,,,,,,,
2015-02-05,-10.0,,,,,,,,,,,,
2015-02-06,-3.7,,,,,,,,,,,,
2015-02-09,-6.3,,,,,,,,,,,,
2015-02-10,-0.4,,,,,,,,,,,,
2015-02-11,-3.1,,,,,,,,,,,,
2015-02-12,-8.1,,,,,,,,,,,,
2015-02-13,1.4,,,,,,,,,,,,
2015-02-16,-1.6,,,,,,,,,,,,
2015-02-17,-1.6,,,,,,,,,,,,
2015-02-18,-1.9,,,,,,,,,,,,
2015-02-19,-1.9,,,,,,,,,,,,
2015-02-20,-0.1,,,,,,,,,,,,
2015-02-23,-0.0,,,,,,,,,,,,
2015-02-24,-0.3,,,,,,,,,,,,
2015-02-25,-4.5,,,,,,,,,,,,
2015-02-26,-14.7,,,,,,,,,,,,
2015-02-27,-10.0,,,,,,,,,,,,
2015-03-02,0.9,,,,,,,,,,,,
2015-03-03,-0.1,,,,,,,,,,,,
2015-03-04,3.2,,,,,,,,,,,,
2015-03-05,0.5,,,,,,,,,,,,
2015-03-06,0.5,,,,,,,,,,,,
2015-03-09,-1.6,,,,,,,,,,,,
2015-03-10,-0.6,,,,,,,,,,,,
2015-03-11,-1.8,,,,,,,,,,,,
2015-03-12,-4.8,,,,,,,,,,,,
2015-03-13,7.1,,,,,,,,,,,,
2015-03-16,2.2,,,,,,,,,,,,
2015-03-17,-2.7,,,,,,,,,,,,
2015-03-18,0.9,,,,,,,,,,,,
2015-03-19,1.2,,,,,,,,,,,,
2015-03-20,-2.5,,,,,,,,,,,,
2015-03-23,-1.8,,,,,,,,,,,,
2015-03-24,-3.2,,,,,,,,,,,,
2015-03-25,-3.4,,,,,,,,,,,,
2015-03-26,-4.1,,,,,,,,,,,,
2015-03-27,-3.2,,,,,,,,,,,,
2015-03-30,-3.2,,,,,,,,,,,,
2015-03-31,3.4,,,,,,,,,,,,
2015-04-01,3.4,,,,,,,,,,,,
2015-04-02,3.4,,,,,,,,,,,,
2015-04-03,3.4,,,,,,,,,,,,
2015-04-06,3.4,,,,,,,,,,,,
2015-04-07,-0.5,,,,,,,,,,,,
2015-04-08,-3.9,,,,,,,,,,,,
2015-04-09,-1.1,,,,,,,,,,,,
2015-04-10,-2.8,,,,,,,,,,,,
2015-04-13,0.5,,,,,,,,,,,,
2015-04-14,0.5,,,,,,,,,,,,
2015-04-15,-0.0,,,,,,,,,,,,
2015-04-16,-1.3,,,,,,,,,,,,
2015-04-17,-2.8,,,,,,,,,,,,
2015-04-20,0.6,,,,,,,,,,,,
2015-04-21,-2.8,,,,,,,,,,,,
2015-04-22,-2.9,,,,,,,,,,,,
2015-04-23,-1.7,,,,,,,,,,,,
2015-04-24,-1.8,,,,,,,,,,,,
2015-04-27,-3.6,,,,,,,,,,,,
2015-04-28,-5.5,,,,,,,,,,,,
2015-04-29,-0.3,,,,,,,,,,,,
2015-04-30,-4.2,,,,,,,,,,,,
2015-05-01,-4.2,,,,,,,,,,,,
2015-05-04,-4.2,,,,,,,,,,,,
2015-05-05,-1.7,,,,,,,,,,,,
2015-05-06,-6.8,,,,,,,,,,,,
2015-05-07,2.9,,,,,,,,,,,,
2015-05-08,-8.1,,,,,,,,,,,,
2015-05-11,-3.8,,,,,,,,,,,,
2015-05-12,2.3,,,,,,,,,,,,
2015-05-13,-8.9,,,,,,,,,,,,
2015-05-14,-6.1,,,,,,,,,,,,
2015-05-15,-12.2,,,,,,,,,,,,
2015-05-18,-6.7,,,,,,,,,,,,
2015-05-19,-8.3,,,,,,,,,,,,
2015-05-20,-8.0,,,,,,,,,,,,
2015-05-21,-9.7,,,,,,,,,,,,
2015-05-22,-8.0,,,,,,,,,,,,
2015-05-25,-8.0,,,,,,,,,,,,
2015-05-26,-5.5,,,,,,,,,,,,
2015-05-27,-8.2,,,,,,,,,,,,
2015-05-28,-10.5,,,,,,,,,,,,
2015-05-29,-9.6,,,,,,,,,,,,
2015-06-01,-2.9,,,,,,,,,,,,
2015-06-02,-1.6,,,,,,,,,,,,
2015-06-03,-1.3,,,,,,,,,,,,
2015-06-04,-7.3,,,,,,,,,,,,
2015-06-05,-8.2,,,,,,,,,,,,
2015-06-08,-6.1,,,,,,,,,,,,
2015-06-09,-5.5,,,,,,,,,,,,
2015-06-10,-7.6,,,,,,,,,,,,
2015-06-11,-6.3,,,,,,,,,,,,
2015-06-12,-7.0,,,,,,,,,,,,
2015-06-15,-10.4,,,,,,,,,,,,
2015-06-16,-5.0,,,,,,,,,,,,
2015-06-17,-9.3,,,,,,,,,,,,
2015-06-18,-15.4,,,,,,,,,,,,
2015-06-19,-12.7,,,,,,,,,,,,
2015-06-22,-10.7,,,,,,,,,,,,
2015-06-23,-12.9,,,,,,,,,,,,
2015-06-24,-8.6,,,,,,,,,,,,
2015-06-25,-12.7,,,,,,,,,,,,
2015-06-26,-11.1,,,,,,,,,,,,
2015-06-29,-9.4,,,,,,,,,,,,
2015-06-30,-14.1,,,,,,,,,,,,
2015-07-01,-11.9,,,,,,,,,,,,
2015-07-02,-14.4,,,,,,,,,,,,
2015-07-03,-9.4,,,,,,,,,,,,
2015-07-06,-11.8,,,,,,,,,,,,
2015-07-07,-10.3,,,,,,,,,,,,
2015-07-08,-8.9,,,,,,,,,,,,
2015-07-09,-11.2,,,,,,,,,,,,
2015-07-10,-9.8,,,,,,,,,,,,
2015-07-13,-8.4,,,,,,,,,,,,
2015-07-14,-10.4,,,,,,,,,,,,
2015-07-15,-8.4,,,,,,,,,,,,
2015-07-16,-7.7,,,,,,,,,,,,
2015-07-17,-6.0,,,,,,,,,,,,
2015-07-20,-0.8,,,,,,,,,,,,
2015-07-21,-4.8,,,,,,,,,,,,
2015-07-22,-2.8,,,,,,,,,,,,
2015-07-23,-1.9,,,,,,,,,,,,
2015-07-24,-0.0,,,,,,,,,,,,
2015-07-27,0.4,,,,,,,,,,,,
2015-07-28,-4.4,,,,,,,,,,,,
2015-07-29,-2.1,,,,,,,,,,,,
2015-07-30,0.3,,,,,,,,,,,,
2015-07-31,1.4,,,,,,,,,,,,
2015-08-03,0.8,,,,,,,,,,,,
2015-08-04,-4.8,,,,,,,,,,,,
2015-08-05,-1.9,,,,,,,,,,,,
2015-08-06,-0.8,,,,,,,,,,,,
2015-08-07,-3.2,,,,,,,,,,,,
2015-08-10,-1.3,,,,,,,,,,,,
2015-08-11,-2.5,,,,,,,,,,,,
2015-08-12,-1.3,,,,,,,,,,,,
2015-08-13,2.0,,,,,,,,,,,,
2015-08-14,-1.8,,,,,,,,,,,,
2015-08-17,-1.4,,,,,,,,,,,,
2015-08-18,-1.4,,,,,,,,,,,,
2015-08-19,-5.6,,,,,,,,,,,,
2015-08-20,3.7,,,,,,,,,,,,
2015-08-21,3.3,,,,,,,,,,,,
2015-08-24,4.4,,,,,,,,,,,,
2015-08-25,-24.0,,,,,,,,,,,,
2015-08-26,5.2,,,,,,,,,,,,
2015-08-27,-8.5,,,,,,,,,,,,
2015-08-28,0.0,,,,,,,,,,,,
2015-08-31,0.0,,,,,,,,,,,,
2015-09-01,-5.0,,,,,,,,,,,,
2015-09-02,-7.7,,,,,,,,,,,,
2015-09-03,-11.0,,,,,,,,,,,,
2015-09-04,-10.9,,,,,,,,,,,,
2015-09-07,-9.1,,,,,,,,,,,,
2015-09-08,-12.3,,,,,,,,,,,,
2015-09-09,-11.9,,,,,,,,,,,,
2015-09-10,-14.1,,,,,,,,,,,,
2015-09-11,-7.2,,,,,,,,,,,,
2015-09-14,-13.2,,,,,,,,,,,,
2015-09-15,-10.6,,,,,,,,,,,,
2015-09-16,-10.6,,,,,,,,,,,,
2015-09-17,-10.6,,,,,,,,,,,,
2015-09-18,-8.5,,,,,,,,,,,,
2015-09-21,5.6,,,,,,,,,,,,
2015-09-22,-6.1,,,,,,,,,,,,
2015-09-23,-8.8,,,,,,,,,,,,
2015-09-24,-7.7,,,,,,,,,,,,
2015-09-25,-7.7,,,,,,,,,,,,
2015-09-28,-14.2,,,,,,,,,,,,
2015-09-29,-12.4,,,,,,,,,,,,
2015-09-30,-13.6,,,,,,,,,,,,
2015-10-01,-12.8,,,,,,,,,,,,
2015-10-02,-12.8,,,,,,,,,,,,
2015-10-05,-9.1,,,,,,,,,,,,
2015-10-06,-7.9,,,,,,,,,,,,
2015-10-07,-11.8,,,,,,,,,,,,
2015-10-08,-10.1,,,,,,,,,,,,
2015-10-09,-5.0,,,,,,,,,,,,
2015-10-12,-5.5,,,,,,,,,,,,
2015-10-13,-8.2,,,,,,,,,,,,
2015-10-14,-20.8,,,,,,,,,,,,
2015-10-15,-8.4,,,,,,,,,,,,
2015-10-16,-5.4,,,,,,,,,,,,
2015-10-19,-5.9,,,,,,,,,,,,
2015-10-20,-2.5,,,,,,,,,,,,
2015-10-21,-5.3,,,,,,,,,,,,
2015-10-22,-5.3,,,,,,,,,,,,
2015-10-23,-4.4,,,,,,,,,,,,
2015-10-26,-7.3,,,,,,,,,,,,
2015-10-27,-5.2,,,,,,,,,,,,
2015-10-28,-5.1,,,,,,,,,,,,
2015-10-29,-1.9,,,,,,,,,,,,
2015-10-30,-5.6,,,,,,,,,,,,
2015-11-02,-1.6,,,,,,,,,,,,
2015-11-03,-3.6,,,,,,,,,,,,
2015-11-04,-6.6,,,,,,,,,,,,
2015-11-05,-4.2,,,,,,,,,,,,
2015-11-06,-5.7,,,,,,,,,,,,
2015-11-09,0.9,,,,,,,,,,,,
2015-11-10,1.1,,,,,,,,,,,,
2015-11-11,1.1,,,,,,,,,,,,
2015-11-12,1.1,,,,,,,,,,,,
2015-11-13,13.4,,,,,,,,,,,,
2015-11-16,-4.1,,,,,,,,,,,,
2015-11-17,-1.7,,,,,,,,,,,,
2015-11-18,0.7,,,,,,,,,,,,
2015-11-19,0.8,,,,,,,,,,,,
2015-11-20,-0.1,,,,,,,,,,,,
2015-11-23,0.2,,,,,,,,,,,,
2015-11-24,-1.7,,,,,,,,,,,,
2015-11-25,-1.7,,,,,,,,,,,,
2015-11-26,0.0,,,,,,,,,,,,
2015-11-27,-0.8,,,,,,,,,,,,
2015-11-30,0.4,,,,,,,,,,,,
2015-12-01,0.2,,,,,,,,,,,,
2015-12-02,-2.3,,,,,,,,,,,,
2015-12-03,-1.0,,,,,,,,,,,,
2015-12-04,-3.8,,,,,,,,,,,,
2015-12-07,-1.3,,,,,,,,,,,,
2015-12-08,-4.0,,,,,,,,,,,,
2015-12-09,-1.0,,,,,,,,,,,,
2015-12-10,-3.7,,,,,,,,,,,,
2015-12-11,-3.1,,,,,,,,,,,,
2015-12-14,-2.0,,,,,,,,,,,,
2015-12-15,-8.3,,,,,,,,,,,,
2015-12-16,-5.4,,,,,,,,,,,,
2015-12-17,-5.0,,,,,,,,,,,,
2015-12-18,0.8,,,,,,,,,,,,
2015-12-21,-1.0,,,,,,,,,,,,
2015-12-22,-2.4,,,,,,,,,,,,
2015-12-23,-2.8,,,,,,,,,,,,
2015-12-24,-2.8,,,,,,,,,,,,
2015-12-25,-2.8,,,,,,,,,,,,
2015-12-28,-2.8,,,,,,,,,,,,
2015-12-29,1.0,,,,,,,,,,,,
2015-12-30,-2.9,,,,,,,,,,,,
2015-12-31,-2.1,,,,,,,,,,,,
2016-01-01,-2.1,,,,,,,,,,,,
2016-01-04,-0.8,,,,,,,,,,,,
2016-01-05,-1.5,,,,,,,,,,,,
2016-01-06,0.5,,,,,,,,,,,,
2016-01-07,-3.7,,,,,,,,,,,,
2016-01-08,-2.9,,,,,,,,,,,,
2016-01-11,-5.4,,,,,,,,,,,,
2016-01-12,-5.3,,,,,,,,,,,,
2016-01-13,-3.2,,,,,,,,,,,,
2016-01-14,-16.2,,,,,,,,,,,,
2016-01-15,-12.0,,,,,,,,,,,,
2016-01-18,-4.6,,,,,,,,,,,,
2016-01-19,-4.4,,,,,,,,,,,,
2016-01-20,-4.0,,,,,,,,,,,,
2016-01-21,-5.7,,,,,,,,,,,,
2016-01-22,-9.9,,,,,,,,,,,,
2016-01-25,-5.7,,,,,,,,,,,,
2016-01-26,-5.7,,,,,,,,,,,,
2016-01-27,-7.6,,,,,,,,,,,,
2016-01-28,-8.3,,,,,,,,,,,,
2016-01-29,-8.3,,,,,,,,,,,,
2016-02-01,-8.3,,,,,,,,,,,,
2016-02-02,-8.6,,,,,,,,,,,,
2016-02-03,-12.3,,,,,,,,,,,,
2016-02-04,-14.6,,,,,,,,,,,,
2016-02-05,-11.9,,,,,,,,,,,,
2016-02-08,-16.0,,,,,,,,,,,,
2016-02-09,-18.6,,,,,,,,,,,,
2016-02-10,-16.6,,,,,,,,,,,,
2016-02-11,-25.2,,,,,,,,,,,,
2016-02-12,-32.0,,,,,,,,,,,,
2016-02-15,-39.0,,,,,,,,,,,,
2016-02-16,-37.1,,,,,,,,,,,,
2016-02-17,-40.1,,,,,,,,,,,,
2016-02-18,-36.5,,,,,,,,,,,,
2016-02-19,-36.5,,,,,,,,,,,,
2016-02-22,-36.0,,,,,,,,,,,,
2016-02-23,-41.6,,,,,,,,,,,,
2016-02-24,-39.6,,,,,,,,,,,,
2016-02-25,-39.6,,,,,,,,,,,,
2016-02-26,-40.5,,,,,,,,,,,,
2016-02-29,-39.8,,,,,,,,,,,,
2016-03-01,-37.5,,,,,,,,,,,,
2016-03-02,-36.4,,,,,,,,,,,,
2016-03-03,-35.1,,,,,,,,,,,,
2016-03-04,-39.1,,,,,,,,,,,,
2016-03-07,-39.1,,,,,,,,,,,,
2016-03-08,-42.7,,,,,,,,,,,,
2016-03-09,-33.7,,,,,,,,,,,,
2016-03-10,-31.3,,,,,,,,,,,,
2016-03-11,-33.8,,,,,,,,,,,,
2016-03-14,-33.8,,,,,,,,,,,,
2016-03-15,-33.8,,,,,,,,,,,,
2016-03-16,-33.8,,,,,,,,,,,,
2016-03-17,-33.8,,,,,,,,,,,,
2016-03-18,-33.8,,,,,,,,,,,,
2016-03-21,-33.8,,,,,,,,,,,,
2016-03-22,-33.8,,,,,,,,,,,,
2016-03-23,-33.8,,,,,,,,,,,,
2016-03-24,-33.8,,,,,,,,,,,,
2016-03-25,-33.8,,,,,,,,,,,,
2016-03-28,-33.8,,,,,,,,,,,,
2016-03-29,-28.8,,,,,,,,,,,,
2016-03-30,-26.3,,,,,,,,,,,,
2016-03-31,-23.8,,,,,,,,,,,,
2016-04-01,-23.8,,,,,,,,,,,,
2016-04-04,-25.3,,,,,,,,,,,,
2016-04-05,-34.4,,,,,,,,,,,,
2016-04-06,-25.3,,,,,,,,,,,,
2016-04-07,-32.5,,,,,,,,,,,,
2016-04-08,-32.5,,,,,,,,,,,,
2016-04-11,-23.3,,,,,,,,,,,,
2016-04-12,-29.7,,,,,,,,,,,,
2016-04-13,-25.4,,,,,,,,,,,,
2016-04-14,-25.4,,,,,,,,,,,,
2016-04-15,-25.4,,,,,,,,,,,,
2016-04-18,-12.5,,,,,,,,,,,,
2016-04-19,-12.5,,,,,,,,,,,,
2016-04-20,-8.0,,,,,,,,,,,,
2016-04-21,-7.6,,,,,,,,,,,,
2016-04-22,-6.6,,,,,,,,,,,,
2016-04-25,-5.4,,,,,,,,,,,,
2016-04-26,-12.2,,,,,,,,,,,,
2016-04-27,-7.7,,,,,,,,,,,,
2016-04-28,-7.7,,,,,,,,,,,,
2016-04-29,-9.1,,,,,,,,,,,,
2016-05-02,-9.1,,,,,,,,,,,,
2016-05-03,-14.6,,,,,,,,,,,,
2016-05-04,-11.2,,,,,,,,,,,,
2016-05-05,-9.0,,,,,,,,,,,,
2016-05-06,-10.5,,,,,,,,,,,,
2016-05-09,-9.6,,,,,,,,,,,,
2016-05-10,-22.3,,,,,,,,,,,,
2016-05-11,-9.7,,,,,,,,,,,,
2016-05-12,-11.4,,,,,,,,,,,,
2016-05-13,-17.1,,,,,,,,,,,,
2016-05-16,-18.6,,,,,,,,,,,,
2016-05-17,-12.2,,,,,,,,,,,,
2016-05-18,-17.1,,,,,,,,,,,,
2016-05-19,-14.4,,,,,,,,,,,,
2016-05-20,-17.5,,,,,,,,,,,,
2016-05-23,-17.2,,,,,,,,,,,,
2016-05-24,-19.9,,,,,,,,,,,,
2016-05-25,-17.0,,,,,,,,,,,,
2016-05-26,-19.0,,,,,,,,,,,,
2016-05-27,-18.8,,,,,,,,,,,,
2016-05-30,-18.8,,,,,,,,,,,,
2016-05-31,-12.6,,,,,,,,,,,,
2016-06-01,-15.1,,,,,,,,,,,,
2016-06-02,-15.5,,,,,,,,,,,,
2016-06-03,-15.9,,,,,,,,,,,,
2016-06-06,-15.9,,,,,,,,,,,,
2016-06-07,-24.1,,,,,,,,,,,,
2016-06-08,-24.1,,,,,,,,,,,,
2016-06-09,-27.0,,,,,,,,,,,,
2016-06-10,-37.8,,,,,,,,,,,,
2016-06-13,-45.2,,,,,,,,,,,,
2016-06-14,-30.4,,,,,,,,,,,,
2016-06-15,-34.7,,,,,,,,,,,,
2016-06-16,-26.5,,,,,,,,,,,,
2016-06-17,-33.8,,,,,,,,,,,,
2016-06-20,-40.8,,,,,,,,,,,,
2016-06-21,-35.2,,,,,,,,,,,,
2016-06-22,-33.4,,,,,,,,,,,,
2016-06-23,-32.6,,,,,,,,,,,,
2016-06-24,-31.5,,,,,,,,,,,,
2016-06-27,-49.0,,,,,,,,,,,,
2016-06-28,-39.8,,,,,,,,,,,,
2016-06-29,-47.5,,,,,,,,,,,,
2016-06-30,-50.9,,,,,,,,,,,,
2016-07-01,-42.0,,,,,,,,,,,,
2016-07-04,-51.0,,,,,,,,,,,,
2016-07-05,-48.9,,,,,,,,,,,,
2016-07-06,-48.9,,,,,,,,,,,,
2016-07-07,-53.4,,,,,,,,,,,,
2016-07-08,-56.6,,,,,,,,,,,,
2016-07-11,-49.2,,,,,,,,,,,,
2016-07-12,-50.4,,,,,,,,,,,,
2016-07-13,-44.8,,,,,,,,,,,,
2016-07-14,-36.6,,,,,,,,,,,,
2016-07-15,-38.0,,,,,,,,,,,,
2016-07-18,-36.6,,,,,,,,,,,,
2016-07-19,-43.0,,,,,,,,,,,,
2016-07-20,-42.0,,,,,,,,,,,,
2016-07-21,-41.0,,,,,,,,,,,,
2016-07-22,-38.2,,,,,,,,,,,,
2016-07-25,-35.1,,,,,,,,,,,,
2016-07-26,-40.2,,,,,,,,,,,,
2016-07-27,-40.2,,,,,,,,,,,,
2016-07-28,-42.2,,,,,,,,,,,,
2016-07-29,-38.9,,,,,,,,,,,,
2016-08-01,-43.2,,,,,,,,,,,,
2016-08-02,-43.3,,,,,,,,,,,,
2016-08-03,-48.3,,,,,,,,,,,,
2016-08-04,-48.3,,,,,,,,,,,,
2016-08-05,-47.8,,,,,,,,,,,,
2016-08-08,-47.8,,,,,,,,,,,,
2016-08-09,-39.2,,,,,,,,,,,,
2016-08-10,-40.6,,,,,,,,,,,,
2016-08-11,-33.4,,,,,,,,,,,,
2016-08-12,-35.9,,,,,,,,,,,,
2016-08-15,-35.9,,,,,,,,,,,,
2016-08-16,-47.2,,,,,,,,,,,,
2016-08-17,-47.2,,,,,,,,,,,,
2016-08-18,-43.1,,,,,,,,,,,,
2016-08-19,-37.2,,,,,,,,,,,,
2016-08-22,-29.1,,,,,,,,,,,,
2016-08-23,-30.7,,,,,,,,,,,,
2016-08-24,-30.3,,,,,,,,,,,,
2016-08-25,-26.6,,,,,,,,,,,,
2016-08-26,-25.8,,,,,,,,,,,,
2016-08-29,-25.8,,,,,,,,,,,,
2016-08-30,-25.8,,,,,,,,,,,,
2016-08-31,-22.3,,,,,,,,,,,,
2016-09-01,-18.1,,,,,,,,,,,,
2016-09-02,-18.1,,,,,,,,,,,,
2016-09-05,-18.1,,,,,,,,,,,,
2016-09-06,-19.6,,,,,,,,,,,,
2016-09-07,-19.6,,,,,,,,,,,,
2016-09-08,-25.8,,,,,,,,,,,,
2016-09-09,-17.7,,,,,,,,,,,,
2016-09-12,-15.6,,,,,,,,,,,,
2016-09-13,-15.6,,,,,,,,,,,,
2016-09-14,-19.0,,,,,,,,,,,,
2016-09-15,-15.7,,,,,,,,,,,,
2016-09-16,-15.8,,,,,,,,,,,,
2016-09-19,-14.3,,,,,,,,,,,,
2016-09-20,-16.8,,,,,,,,,,,,
2016-09-21,-16.1,,,,,,,,,,,,
2016-09-22,-17.4,,,,,,,,,,,,
2016-09-23,-14.5,,,,,,,,,,,,
2016-09-26,-16.6,,,,,,,,,,,,
2016-09-27,-14.9,,,,,,,,,,,,
2016-09-28,-12.4,,,,,,,,,,,,
2016-09-29,-7.8,,,,,,,,,,,,
2016-09-30,-12.6,,,,,,,,,,,,
2016-10-03,-11.9,,,,,,,,,,,,
2016-10-04,-12.9,,,,,,,,,,,,
2016-10-05,-10.3,,,,,,,,,,,,
2016-10-06,-6.5,,,,,,,,,,,,
2016-10-07,-6.6,,,,,,,,,,,,
2016-10-10,-6.1,,,,,,,,,,,,
2016-10-11,-6.1,,,,,,,,,,,,
2016-10-12,-6.1,,,,,,,,,,,,
2016-10-13,-3.4,,,,,,,,,,,,
2016-10-14,-4.5,,,,,,,,,,,,
2016-10-17,-1.7,,,,,,,,,,,,
2016-10-18,-3.4,,,,,,,,,,,,
2016-10-19,-3.5,,,,,,,,,,,,
2016-10-20,-3.4,,,,,,,,,,,,
2016-10-21,-3.1,,,,,,,,,,,,
2016-10-24,-3.8,,,,,,,,,,,,
2016-10-25,-3.8,,,,,,,,,,,,
2016-10-26,-3.9,,,,,,,,,,,,
2016-10-27,-3.5,,,,,,,,,,,,
2016-10-28,-3.2,,,,,,,,,,,,
2016-10-31,-3.2,,,,,,,,,,,,
2016-11-01,-6.0,,,,,,,,,,,,
2016-11-02,-8.0,,,,,,,,,,,,
2016-11-03,-7.4,,,,,,,,,,,,
2016-11-04,-9.7,,,,,,,,,,,,
2016-11-07,-3.2,,,,,,,,,,,,
2016-11-08,-4.4,,,,,,,,,,,,
2016-11-09,3.3,,,,,,,,,,,,
2016-11-10,19.2,,,,,,,,,,,,
2016-11-11,20.7,,,,,,,,,,,,
2016-11-14,20.7,,,,,,,,,,,,
2016-11-15,20.7,,,,,,,,,,,,
2016-11-16,16.3,,,,,,,,,,,,
2016-11-17,1.1,,,,,,,,,,,,
2016-11-18,-1.7,,,,,,,,,,,,
2016-11-21,-3.9,,,,,,,,,,,,
2016-11-22,-4.2,,,,,,,,,,,,
2016-11-23,-5.1,,,,,,,,,,,,
2016-11-24,0.6,,,,,,,,,,,,
2016-11-25,-5.0,,,,,,,,,,,,
2016-11-28,-4.0,,,,,,,,,,,,
2016-11-29,-4.9,,,,,,,,,,,,
2016-11-30,-5.2,,,,,,,,,,,,
2016-12-01,-3.3,,,,,,,,,,,,
2016-12-02,-5.1,,,,,,,,,,,,
2016-12-05,-2.6,,,,,,,,,,,,
2016-12-06,-5.8,,,,,,,,,,,,
2016-12-07,-3.8,,,,,,,,,,,,
2016-12-08,-4.5,,,,,,,,,,,,
2016-12-09,-4.0,,,,,,,,,,,,
2016-12-12,-4.0,,,,,,,,,,,,
2016-12-13,-1.2,,,,,,,,,,,,
2016-12-14,-5.5,,,,,,,,,,,,
2016-12-15,-2.4,,,,,,,,,,,,
2016-12-16,-4.5,,,,,,,,,,,,
2016-12-19,-1.5,,,,,,,,,,,,
2016-12-20,-4.3,,,,,,,,,,,,
2016-12-21,-3.9,,,,,,,,,,,,
2016-12-22,-6.9,,,,,,,,,,,,
2016-12-23,-6.7,,,,,,,,,,,,
2016-12-26,-6.7,,,,,,,,,,,,
2016-12-27,-6.7,,,,,,,,,,,,
2016-12-28,-6.4,,,,,,,,,,,,
2016-12-29,-5.5,,,,,,,,,,,,
2016-12-30,-5.7,,,,,,,,,,,,
2017-01-02,-5.7,,,,,,,,,,,,
2017-01-03,0.7,,,,,,,,,,,,
2017-01-04,-4.3,,,,,,,,,,,,
2017-01-05,-1.7,,,,,,,,,,,,
2017-01-06,-3.2,,,,,,,,,,,,
2017-01-09,-4.6,,,,,,,,,,,,
2017-01-10,-1.0,,,,,,,,,,,,
2017-01-11,-0.4,,,,,,,,,,,,
2017-01-12,-7.3,,,,,,,,,,,,
2017-01-13,-9.7,,,,,,,,,,,,
2017-01-16,-5.3,,,,,,,,,,,,
2017-01-17,-9.2,,,,,,,,,,,,
2017-01-18,-2.7,,,,,,,,,,,,
2017-01-19,-2.9,,,,,,,,,,,,
2017-01-20,-0.7,,,,,,,,,,,,
2017-01-23,-3.4,,,,,,,,,,,,
2017-01-24,-5.4,,,,,,,,,,,,
2017-01-25,-3.2,,,,,,,,,,,,
2017-01-26,-3.2,,,,,,,,,,,,
2017-01-27,-2.8,,,,,,,,,,,,
2017-01-30,0.0,,,,,,,,,,,,
2017-01-31,5.0,,,,,,,,,,,,
2017-02-01,-2.2,,,,,,,,,,,,
2017-02-02,-4.5,,,,,,,,,,,,
2017-02-03,-3.0,,,,,,,,,,,,
2017-02-06,-3.1,,,,,,,,,,,,
2017-02-07,-5.5,,,,,,,,,,,,
2017-02-08,-3.7,,,,,,,,,,,,
2017-02-09,-5.1,,,,,,,,,,,,
2017-02-10,-4.4,,,,,,,,,,,,
2017-02-13,-3.1,,,,,,,,,,,,
2017-02-14,-5.4,,,,,,,,,,,,
2017-02-15,-7.6,,,,,,,,,,,,
2017-02-16,-5.8,,,,,,,,,,,,
2017-02-17,-6.6,,,,,,,,,,,,
2017-02-20,-5.0,,,,,,,,,,,,
2017-02-21,-5.0,,,,,,,,,,,,
2017-02-22,-6.0,,,,,,,,,,,,
2017-02-23,-3.9,,,,,,,,,,,,
2017-02-24,-3.9,,,,,,,,,,,,
2017-02-27,-3.9,,,,,,,,,,,,
2017-02-28,-6.0,,,,,,,,,,,,
2017-03-01,-8.1,,,,,,,,,,,,
2017-03-02,-6.6,,,,,,,,,,,,
2017-03-03,-5.9,,,,,,,,,,,,
2017-03-06,-4.5,,,,,,,,,,,,
2017-03-07,-4.1,,,,,,,,,,,,
2017-03-08,-1.9,,,,,,,,,,,,
2017-03-09,-2.2,,,,,,,,,,,,
2017-03-10,-3.5,,,,,,,,,,,,
2017-03-13,-3.5,,,,,,,,,,,,
2017-03-14,-2.7,,,,,,,,,,,,
2017-03-15,1.4,,,,,,,,,,,,
2017-03-16,-0.2,,,,,,,,,,,,
2017-03-17,-3.7,,,,,,,,,,,,
2017-03-20,-2.5,,,,,,,,,,,,
2017-03-21,-3.3,,,,,,,,,,,,
2017-03-22,-3.1,,,,,,,,,,,,
2017-03-23,-2.4,,,,,,,,,,,,
2017-03-24,-3.1,,,,,,,,,,,,
2017-03-27,-3.4,,,,,,,,,,,,
2017-03-28,-3.4,,,,,,,,,,,,
2017-03-29,-5.0,,,,,,,,,,,,
2017-03-30,-2.0,,,,,,,,,,,,
2017-03-31,-2.8,,,,,,,,,,,,
2017-04-03,-4.6,,,,,,,,,,,,
2017-04-04,-4.6,,,,,,,,,,,,
2017-04-05,-6.9,,,,,,,,,,,,
2017-04-06,-7.9,,,,,,,,,,,,
2017-04-07,-4.1,,,,,,,,,,,,
2017-04-10,-1.5,,,,,,,,,,,,
2017-04-11,0.0,,,,,,,,,,,,
2017-04-12,-3.8,,,,,,,,,,,,
2017-04-13,-4.4,,,,,,,,,,,,
2017-04-14,-4.4,,,,,,,,,,,,
2017-04-17,-4.4,,,,,,,,,,,,
2017-04-18,-3.3,,,,,,,,,,,,
2017-04-19,-4.5,,,,,,,,,,,,
2017-04-20,-7.6,,,,,,,,,,,,
2017-04-21,-3.8,,,,,,,,,,,,
2017-04-24,-2.4,,,,,,,,,,,,
2017-04-25,-3.8,,,,,,,,,,,,
2017-04-26,0.6,,,,,,,,,,,,
2017-04-27,-2.5,,,,,,,,,,,,
2017-04-28,-0.5,,,,,,,,,,,,
2017-05-01,-0.5,,,,,,,,,,,,
2017-05-02,-2.8,,,,,,,,,,,,
2017-05-03,-3.2,,,,,,,,,,,,
2017-05-04,-4.7,,,,,,,,,,,,
2017-05-05,-7.1,,,,,,,,,,,,
2017-05-08,1.2,,,,,,,,,,,,
2017-05-09,-2.8,,,,,,,,,,,,
2017-05-10,-2.8,,,,,,,,,,,,
2017-05-11,-3.6,,,,,,,,,,,,
2017-05-12,-3.3,,,,,,,,,,,,
2017-05-15,-1.3,,,,,,,,,,,,
2017-05-16,-3.7,,,,,,,,,,,,
2017-05-17,-0.3,,,,,,,,,,,,
2017-05-18,4.6,,,,,,,,,,,,
2017-05-19,-9.0,,,,,,,,,,,,
2017-05-22,-3.5,,,,,,,,,,,,
2017-05-23,-3.6,,,,,,,,,,,,
2017-05-24,-4.0,,,,,,,,,,,,
2017-05-25,-2.9,,,,,,,,,,,,
2017-05-26,-8.6,,,,,,,,,,,,
2017-05-29,-8.6,,,,,,,,,,,,
2017-05-30,-4.0,,,,,,,,,,,,
2017-05-31,-7.0,,,,,,,,,,,,
2017-06-01,-8.4,,,,,,,,,,,,
2017-06-02,-5.8,,,,,,,,,,,,
2017-06-05,-8.4,,,,,,,,,,,,
2017-06-06,-4.0,,,,,,,,,,,,
2017-06-07,-15.2,,,,,,,,,,,,
2017-06-08,-8.8,,,,,,,,,,,,
2017-06-09,-8.2,,,,,,,,,,,,
2017-06-12,-6.6,,,,,,,,,,,,
2017-06-13,-8.4,,,,,,,,,,,,
2017-06-14,-7.8,,,,,,,,,,,,
2017-06-15,-6.6,,,,,,,,,,,,
2017-06-16,-10.7,,,,,,,,,,,,
2017-06-19,-5.9,,,,,,,,,,,,
2017-06-20,-4.3,,,,,,,,,,,,
2017-06-21,-5.7,,,,,,,,,,,,
2017-06-22,-1.9,,,,,,,,,,,,
2017-06-23,-4.8,,,,,,,,,,,,
2017-06-27,2.0,,,,,,,,,,,,
2017-06-28,2.2,,,,,,,,,,,,
2017-06-29,7.6,,,,,,,,,,,,
2017-06-30,10.3,,,,,,,,,,,,
2017-07-03,-6.6,,,,,,,,,,,,
2017-07-04,-3.7,,,,,,,,,,,,
2017-07-05,-3.5,,,,,,,,,,,,
2017-07-06,-3.7,,,,,,,,,,,,
2017-07-07,-6.1,,,,,,,,,,,,
2017-07-10,-3.5,,,,,,,,,,,,
2017-07-11,-4.6,,,,,,,,,,,,
2017-07-12,-6.9,,,,,,,,,,,,
2017-07-13,-5.0,,,,,,,,,,,,
2017-07-14,-4.3,,,,,,,,,,,,
2017-07-17,-4.6,,,,,,,,,,,,
2017-07-18,-3.8,,,,,,,,,,,,
2017-07-19,-6.0,,,,,,,,,,,,
2017-07-20,-6.3,,,,,,,,,,,,
2017-07-21,-6.5,,,,,,,,,,,,
2017-07-24,-7.1,,,,,,,,,,,,
2017-07-25,-7.1,,,,,,,,,,,,
2017-07-26,-6.3,,,,,,,,,,,,
2017-07-27,-6.3,,,,,,,,,,,,
2017-07-28,-9.7,,,,,,,,,,,,
2017-07-31,-16.8,,,,,,,,,,,,
2017-08-01,-15.8,,,,,,,,,,,,
2017-08-02,-19.2,,,,,,,,,,,,
2017-08-03,-10.1,,,,,,,,,,,,
2017-08-04,-8.9,,,,,,,,,,,,
2017-08-07,2.6,,,,,,,,,,,,
2017-08-08,-6.8,,,,,,,,,,,,
2017-08-09,-8.1,,,,,,,,,,,,
2017-08-10,-6.2,,,,,,,,,,,,
2017-08-11,-15.4,,,,,,,,,,,,
2017-08-14,-12.5,,,,,,,,,,,,
2017-08-16,-14.3,,,,,,,,,,,,
2017-08-17,-14.3,,,,,,,,,,,,
2017-08-18,-18.3,,,,,,,,,,,,
2017-08-21,-18.4,,,,,,,,,,,,
2017-08-22,-18.7,,,,,,,,,,,,
2017-08-23,-17.6,,,,,,,,,,,,
2017-08-24,-20.7,,,,,,,,,,,,
2017-08-28,-20.7,,,,,,,,,,,,
2017-08-29,-20.4,,,,,,,,,,,,
2017-08-30,-7.4,,,,,,,,,,,,
2017-08-31,-7.4,,,,,,,,,,,,
2017-09-01,-9.1,,,,,,,,,,,,
2017-09-04,-6.1,,,,,,,,,,,,
2017-09-05,-4.7,,,,,,,,,,,,
2017-09-06,-13.4,,,,,,,,,,,,
2017-09-07,-11.7,,,,,,,,,,,,
2017-09-08,-7.3,,,,,,,,,,,,
2017-09-11,-10.0,,,,,,,,,,,,
2017-09-12,-9.3,,,,,,,,,,,,
2017-09-13,-9.9,,,,,,,,,,,,
2017-09-14,-3.7,,,,,,,,,,,,
2017-09-15,-8.3,,,,,,,,,,,,
2017-09-18,-6.6,,,,,,,,,,,,
2017-09-19,-6.5,,,,,,,,,,,,
2017-09-20,-12.5,,,,,,,,,,,,
2017-09-21,-6.6,,,,,,,,,,,,
2017-09-22,-17.4,,,,,,,,,,,,
2017-09-25,-5.3,,,,,,,,,,,,
2017-09-26,-7.0,,,,,,,,,,,,
2017-09-27,-12.8,,,,,,,,,,,,
2017-09-28,-14.7,,,,,,,,,,,,
2017-09-29,-6.5,,,,,,,,,,,,
2017-10-03,-6.3,,,,,,,,,,,,
2017-10-04,-6.3,,,,,,,,,,,,
2017-10-05,-8.1,,,,,,,,,,,,
2017-10-06,-3.1,,,,,,,,,,,,
2017-10-09,-6.5,,,,,,,,,,,,
2017-10-10,-6.6,,,,,,,,,,,,
2017-10-11,-10.8,,,,,,,,,,,,
2017-10-12,-8.2,,,,,,,,,,,,
2017-10-13,-7.0,,,,,,,,,,,,
2017-10-16,-5.5,,,,,,,,,,,,
2017-10-17,-2.7,,,,,,,,,,,,
2017-10-18,0.8,,,,,,,,,,,,
2017-10-23,7.4,,,,,,,,,,,,
2017-10-24,6.2,,,,,,,,,,,,
2017-10-25,-4.4,,,,,,,,,,,,
2017-10-26,-1.4,,,,,,,,,,,,
2017-10-27,-3.7,,,,,,,,,,,,
2017-10-30,-5.1,,,,,,,,,,,,
2017-10-31,-0.4,,,,,,,,,,,,
2017-11-01,-3.8,,,,,,,,,,,,
2017-11-02,-5.1,,,,,,,,,,,,
2017-11-03,-4.6,,,,,,,,,,,,
2017-11-06,-6.0,,,,,,,,,,,,
2017-11-07,-3.2,,,,,,,,,,,,
2017-11-08,-10.9,,,,,,,,,,,,
2017-11-09,-9.0,,,,,,,,,,,,
2017-11-10,-6.4,,,,,,,,,,,,
2017-11-13,-7.8,,,,,,,,,,,,
2017-11-14,-10.5,,,,,,,,,,,,
2017-11-15,-11.7,,,,,,,,,,,,
2017-11-16,-7.8,,,,,,,,,,,,
2017-11-17,-5.0,,,,,,,,,,,,
2017-11-20,-9.5,,,,,,,,,,,,
2017-11-21,-6.3,,,,,,,,,,,,
2017-11-22,-4.6,,,,,,,,,,,,
2017-11-23,-8.6,,,,,,,,,,,,
2017-11-24,-8.8,,,,,,,,,,,,
2017-11-27,-12.7,,,,,,,,,,,,
2017-11-28,-7.0,,,,,,,,,,,,
2017-11-29,-8.3,,,,,,,,,,,,
2017-11-30,-7.0,,,,,,,,,,,,
2017-12-01,-7.0,,,,,,,,,,,,
2017-12-04,-10.2,,,,,,,,,,,,
2017-12-05,-7.8,,,,,,,,,,,,
2017-12-06,-6.1,,,,,,,,,,,,
2017-12-07,-7.6,,,,,,,,,,,,
2017-12-08,-7.2,,,,,,,,,,,,
2017-12-11,-8.8,,,,,,,,,,,,
2017-12-12,-8.8,,,,,,,,,,,,
2017-12-13,-6.6,,,,,,,,,,,,
2017-12-14,-7.0,,,,,,,,,,,,
2017-12-15,-3.6,,,,,,,,,,,,
2017-12-18,-6.7,,,,,,,,,,,,
2017-12-19,-7.9,,,,,,,,,,,,
2017-12-20,-9.5,,,,,,,,,,,,
2017-12-21,-7.7,,,,,,,,,,,,
2017-12-22,-5.8,,,,,,,,,,,,
2017-12-26,-5.8,,,,,,,,,,,,
2017-12-27,-5.8,,,,,,,,,,,,
2017-12-28,-4.6,,,,,,,,,,,,
2017-12-29,-8.5,,,,,,,,,,,,
2018-01-01,-8.5,,,,,,,,,,,,
2018-01-02,-8.8,,,,,,,,,,,,
2018-01-03,-8.7,,,,,,,,,,,,
2018-01-04,-10.5,,,,,,,,,,,,
2018-01-05,-9.5,,,,,,,,,,,,
2018-01-08,-7.2,,,,,,,,,,,,
2018-01-09,-5.4,,,,,,,,,,,,
2018-01-10,-16.7,,,,,,,,,,,,
2018-01-11,-10.8,,,,,,,,,,,,
2018-01-12,-8.0,,,,,,,,,,,,
2018-01-15,-20.1,,,,,,,,,,,,
2018-01-16,-8.2,,,,,,,,,,,,
2018-01-17,-13.5,,,,,,,,,,,,
2018-01-18,-12.9,,,,,,,,,,,,
2018-01-19,-13.1,,,,,,,,,,,,
2018-01-22,-14.7,,,,,,,,,,,,
2018-01-23,-10.6,,,,,,,,,,,,
2018-01-24,-12.5,,,,,,,,,,,,
2018-01-25,-6.8,,,,,,,,,,,,
2018-01-29,-9.1,,,,,,,,,,,,
2018-01-30,-6.7,,,,,,,,,,,,
2018-01-31,-7.7,,,,,,,,,,,,
2018-02-01,-3.8,,,,,,,,,,,,
2018-02-02,-5.6,,,,,,,,,,,,
2018-02-05,-5.6,,,,,,,,,,,,
2018-02-06,-10.3,,,,,,,,,,,,
2018-02-07,-3.3,,,,,,,,,,,,
2018-02-08,-0.9,,,,,,,,,,,,
2018-02-09,-4.1,,,,,,,,,,,,
2018-02-10,-4.1,,,,,,,,,,,,
2018-02-12,-5.4,,,,,,,,,,,,
2018-02-14,-4.5,,,,,,,,,,,,
2018-02-15,-7.7,,,,,,,,,,,,
2018-02-16,-4.8,,,,,,,,,,,,
2018-02-19,-4.8,,,,,,,,,,,,
2018-02-20,-2.5,,,,,,,,,,,,
2018-02-21,-8.2,,,,,,,,,,,,
2018-02-22,-8.2,,,,,,,,,,,,
2018-02-23,-8.8,,,,,,,,,,,,
2018-02-26,-6.8,,,,,,,,,,,,
2018-02-27,-8.1,,,,,,,,,,,,
2018-02-28,-5.4,,,,,,,,,,,,
2018-03-01,-5.0,,,,,,,,,,,,
2018-03-05,-8.8,,,,,,,,,,,,
2018-03-06,-8.7,,,,,,,,,,,,
2018-03-07,-9.5,,,,,,,,,,,,
2018-03-08,-6.6,,,,,,,,,,,,
2018-03-09,-8.1,,,,,,,,,,,,
2018-03-10,-8.1,,,,,,,,,,,,
2018-03-12,-9.5,,,,,,,,,,,,
2018-03-13,-11.3,,,,,,,,,,,,
2018-03-14,-9.5,,,,,,,,,,,,
2018-03-15,-10.3,,,,,,,,,,,,
2018-03-16,-6.0,,,,,,,,,,,,
2018-03-19,-7.9,,,,,,,,,,,,
2018-03-20,-7.6,,,,,,,,,,,,
2018-03-21,-9.2,,,,,,,,,,,,
2018-03-22,-9.3,,,,,,,,,,,,
2018-03-23,-11.7,,,,,,,,,,,,
2018-03-26,-13.3,,,,,,,,,,,,
2018-03-27,-15.1,,,,,,,,,,,,
2018-03-28,-16.8,,,,,,,,,,,,
2018-04-02,-16.8,,,,,,,,,,,,
2018-04-03,-9.2,,,,,,,,,,,,
2018-04-04,-8.0,,,,,,,,,,,,
2018-04-05,-9.6,,,,,,,,,,,,
2018-04-06,-11.5,,,,,,,,,,,,
2018-04-09,-6.8,,,,,,,,,,,,
2018-04-10,-9.9,,,,,,,,,,,,
2018-04-11,-3.8,,,,,,,,,,,,
2018-04-12,-9.7,,,,,,,,,,,,
2018-04-13,-8.5,,,,,,,,,,,,
2018-04-16,-8.4,,,,,,,,,,,,
2018-04-17,-7.9,,,,,,,,,,,,
2018-04-18,-7.2,,,,,,,,,,,,
2018-04-19,-8.3,,,,,,,,,,,,
2018-04-20,-5.6,,,,,,,,,,,,
2018-04-23,-1.3,,,,,,,,,,,,
2018-04-24,-7.6,,,,,,,,,,,,
2018-04-25,-4.4,,,,,,,,,,,,
2018-04-26,-3.9,,,,,,,,,,,,
2018-04-27,-1.0,,,,,,,,,,,,
2018-04-30,-1.0,,,,,,,,,,,,
2018-05-02,-4.6,,,,,,,,,,,,
2018-05-03,-6.7,,,,,,,,,,,,
2018-05-04,-2.8,,,,,,,,,,,,
2018-05-07,-2.8,,,,,,,,,,,,
2018-05-08,-6.0,,,,,,,,,,,,
2018-05-09,-5.8,,,,,,,,,,,,
2018-05-10,-8.4,,,,,,,,,,,,
2018-05-11,-9.9,,,,,,,,,,,,
2018-05-14,-5.3,,,,,,,,,,,,
2018-05-15,-2.6,,,,,,,,,,,,
2018-05-16,-8.5,,,,,,,,,,,,
2018-05-17,-13.6,,,,,,,,,,,,
2018-05-18,-9.8,,,,,,,,,,,,
2018-05-21,-12.8,,,,,,,,,,,,
2018-05-22,-11.1,,,,,,,,,,,,
2018-05-23,-9.8,,,,,,,,,,,,
2018-05-24,-16.1,,,,,,,,,,,,
2018-05-25,-21.2,,,,,,,,,,,,
2018-05-29,-10.0,,,,,,,,,,,,
2018-05-30,-15.0,,,,,,,,,,,,
2018-05-31,-9.7,,,,,,,,,,,,
2018-06-01,-12.4,,,,,,,,,,,,
2018-06-04,-7.5,,,,,,,,,,,,
2018-06-05,-12.0,,,,,,,,,,,,
2018-06-06,-10.5,,,,,,,,,,,,
2018-06-07,-11.8,,,,,,,,,,,,
2018-06-08,-6.7,,,,,,,,,,,,
2018-06-11,-11.4,,,,,,,,,,,,
2018-06-12,-12.5,,,,,,,,,,,,
2018-06-13,-13.3,,,,,,,,,,,,
2018-06-14,-15.1,,,,,,,,,,,,
2018-06-15,-13.8,,,,,,,,,,,,
2018-06-18,-13.1,,,,,,,,,,,,
2018-06-19,-10.1,,,,,,,,,,,,
2018-06-20,-10.8,,,,,,,,,,,,
2018-06-21,-10.3,,,,,,,,,,,,
2018-06-22,-5.3,,,,,,,,,,,,
2018-06-25,-11.7,,,,,,,,,,,,
2018-06-26,-5.9,,,,,,,,,,,,
2018-06-27,-5.6,,,,,,,,,,,,
2018-06-28,-9.1,,,,,,,,,,,,
2018-06-29,-4.6,,,,,,,,,,,,
2018-07-02,-3.6,,,,,,,,,,,,
2018-07-03,-4.7,,,,,,,,,,,,
2018-07-04,4.6,,,,,,,,,,,,
2018-07-05,-4.1,,,,,,,,,,,,
2018-07-06,-5.9,,,,,,,,,,,,
2018-07-09,-6.6,,,,,,,,,,,,
2018-07-10,2.8,,,,,,,,,,,,
2018-07-11,-6.6,,,,,,,,,,,,
2018-07-12,-7.4,,,,,,,,,,,,
2018-07-13,-4.6,,,,,,,,,,,,
2018-07-16,-6.7,,,,,,,,,,,,
2018-07-17,-8.0,,,,,,,,,,,,
2018-07-18,-6.7,,,,,,,,,,,,
2018-07-19,-7.0,,,,,,,,,,,,
2018-07-20,-4.4,,,,,,,,,,,,
2018-07-23,-6.5,,,,,,,,,,,,
2018-07-24,2.6,,,,,,,,,,,,
2018-07-25,2.3,,,,,,,,,,,,
2018-07-26,1.4,,,,,,,,,,,,
2018-07-27,-2.0,,,,,,,,,,,,
2018-07-30,-2.6,,,,,,,,,,,,
2018-07-31,0.0,,,,,,,,,,,,
2018-08-01,-1.4,,,,,,,,,,,,
2018-08-02,0.7,,,,,,,,,,,,
2018-08-03,0.1,,,,,,,,,,,,
2018-08-06,0.6,,,,,,,,,,,,
2018-08-07,-5.0,,,,,,,,,,,,
2018-08-08,0.8,,,,,,,,,,,,
2018-08-09,-9.1,,,,,,,,,,,,
2018-08-10,-7.9,,,,,,,,,,,,
2018-08-13,-5.4,,,,,,,,,,,,
2018-08-14,3.0,,,,,,,,,,,,
2018-08-16,1.4,,,,,,,,,,,,
2018-08-17,0.6,,,,,,,,,,,,
2018-08-20,2.5,,,,,,,,,,,,
2018-08-23,-2.5,,,,,,,,,,,,
2018-08-24,-1.2,,,,,,,,,,,,
2018-08-28,-2.7,,,,,,,,,,,,
2018-08-29,-4.0,,,,,,,,,,,,
2018-08-30,-3.3,,,,,,,,,,,,
2018-09-03,-4.8,,,,,,,,,,,,
2018-09-04,-6.6,,,,,,,,,,,,
2018-09-05,-4.7,,,,,,,,,,,,
2018-09-06,-6.2,,,,,,,,,,,,
2018-09-07,-27.5,,,,,,,,,,,,
2018-09-10,-14.5,,,,,,,,,,,,
2018-09-11,-6.8,,,,,,,,,,,,
2018-09-12,-8.2,,,,,,,,,,,,
2018-09-14,-8.5,,,,,,,,,,,,
2018-09-17,-7.6,,,,,,,,,,,,
2018-09-18,-7.7,,,,,,,,,,,,
2018-09-19,-6.1,,,,,,,,,,,,
2018-09-21,-11.8,,,,,,,,,,,,
2018-09-24,-11.5,,,,,,,,,,,,
2018-09-25,-9.7,,,,,,,,,,,,
2018-09-26,-10.0,,,,,,,,,,,,
2018-09-27,-10.9,,,,,,,,,,,,
2018-09-28,-8.0,,,,,,,,,,,,
2018-10-01,-6.0,,,,,,,,,,,,
2018-10-02,-6.0,,,,,,,,,,,,
2018-10-03,-6.6,,,,,,,,,,,,
2018-10-04,-11.9,,,,,,,,,,,,
2018-10-05,-8.6,,,,,,,,,,,,
2018-10-08,-7.3,,,,,,,,,,,,
2018-10-09,-7.2,,,,,,,,,,,,
2018-10-10,-7.9,,,,,,,,,,,,
2018-10-11,-14.8,,,,,,,,,,,,
2018-10-12,-12.1,,,,,,,,,,,,
2018-10-15,-19.5,,,,,,,,,,,,
2018-10-16,-18.2,,,,,,,,,,,,
2018-10-17,-12.2,,,,,,,,,,,,
2018-10-18,-12.2,,,,,,,,,,,,
2018-10-19,-12.1,,,,,,,,,,,,
2018-10-22,-17.8,,,,,,,,,,,,
2018-10-23,-17.7,,,,,,,,,,,,
2018-10-24,-14.3,,,,,,,,,,,,
2018-10-25,-13.1,,,,,,,,,,,,
2018-10-26,-11.1,,,,,,,,,,,,
2018-10-29,-12.0,,,,,,,,,,,,
2018-10-30,-7.7,,,,,,,,,,,,
2018-10-31,-12.1,,,,,,,,,,,,
2018-11-01,-15.4,,,,,,,,,,,,
2018-11-02,-10.6,,,,,,,,,,,,
2018-11-05,-10.0,,,,,,,,,,,,
2018-11-06,-10.7,,,,,,,,,,,,
2018-11-09,-12.9,,,,,,,,,,,,
2018-11-12,-5.5,,,,,,,,,,,,
2018-11-13,-3.5,,,,,,,,,,,,
2018-11-14,-5.5,,,,,,,,,,,,
2018-11-15,-9.4,,,,,,,,,,,,
2018-11-16,-5.0,,,,,,,,,,,,
2018-11-19,-7.1,,,,,,,,,,,,
2018-11-20,-3.6,,,,,,,,,,,,
2018-11-21,-2.1,,,,,,,,,,,,
2018-11-22,0.6,,,,,,,,,,,,
2018-11-23,0.6,,,,,,,,,,,,
2018-11-26,-4.1,,,,,,,,,,,,
2018-11-27,-5.1,,,,,,,,,,,,
2018-11-28,-3.9,,,,,,,,,,,,
2018-11-29,-4.1,,,,,,,,,,,,
2018-11-30,-0.0,,,,,,,,,,,,
2018-12-03,-0.9,,,,,,,,,,,,
2018-12-04,-2.3,,,,,,,,,,,,
2018-12-05,-6.3,,,,,,,,,,,,
2018-12-06,-9.9,,,,,,,,,,,,
2018-12-07,-1.3,,,,,,,,,,,,
2018-12-10,-3.9,,,,,,,,,,,,
2018-12-11,-7.5,,,,,,,,,,,,
2018-12-12,-7.7,,,,,,,,,,,,
2018-12-13,-5.9,,,,,,,,,,,,
2018-12-14,-5.6,,,,,,,,,,,,
2018-12-17,-9.9,,,,,,,,,,,,
2018-12-18,-15.1,,,,,,,,,,,,
2018-12-19,-2.6,,,,,,,,,,,,
2018-12-20,-12.5,,,,,,,,,,,,
2018-12-21,-6.7,,,,,,,,,,,,
2018-12-24,-9.6,,,,,,,,,,,,
2018-12-25,-9.6,,,,,,,,,,,,
2018-12-26,5.8,,,,,,,,,,,,
2018-12-27,-7.8,,,,,,,,,,,,
2018-12-28,-6.1,,,,,,,,,,,,
2018-12-31,-6.3,,,,,,,,,,,,
2019-01-01,-6.3,,,,,,,,,,,,
2019-01-02,-12.2,,,,,,,,,,,,
2019-01-03,-7.8,,,,,,,,,,,,
2019-01-04,-4.5,,,,,,,,,,,,
2019-01-07,-5.1,,,,,,,,,,,,
2019-01-08,-8.9,,,,,,,,,,,,
2019-01-09,-8.1,,,,,,,,,,,,
2019-01-10,-9.4,,,,,,,,,,,,
2019-01-11,-9.4,,,,,,,,,,,,
2019-01-14,-16.5,,,,,,,,,,,,
2019-01-15,-15.8,,,,,,,,,,,,
2019-01-16,-10.7,,,,,,,,,,,,
2019-01-17,-15.1,,,,,,,,,,,,
2019-01-18,-9.3,,,,,,,,,,,,
2019-01-21,-12.6,,,,,,,,,,,,
2019-01-22,-11.1,,,,,,,,,,,,
2019-01-23,-7.3,,,,,,,,,,,,
2019-01-24,-8.6,,,,,,,,,,,,
2019-01-25,-5.2,,,,,,,,,,,,
2019-01-28,-6.9,,,,,,,,,,,,
2019-01-29,-6.0,,,,,,,,,,,,
2019-01-30,-7.3,,,,,,,,,,,,
2019-01-31,-9.5,,,,,,,,,,,,
2019-02-01,-3.0,,,,,,,,,,,,
2019-02-04,-5.0,,,,,,,,,,,,
2019-02-05,-9.1,,,,,,,,,,,,
2019-02-06,-6.5,,,,,,,,,,,,
2019-02-07,-7.0,,,,,,,,,,,,
2019-02-08,-7.5,,,,,,,,,,,,
2019-02-11,-6.4,,,,,,,,,,,,
2019-02-12,-8.1,,,,,,,,,,,,
2019-02-13,-2.0,,,,,,,,,,,,
2019-02-14,-4.2,,,,,,,,,,,,
2019-02-15,-7.1,,,,,,,,,,,,
2019-02-18,-9.4,,,,,,,,,,,,
2019-02-19,-5.2,,,,,,,,,,,,
2019-02-20,-10.1,,,,,,,,,,,,
2019-02-21,-7.6,,,,,,,,,,,,
2019-02-22,-6.9,,,,,,,,,,,,
2019-02-25,-7.3,,,,,,,,,,,,
2019-02-26,-9.5,,,,,,,,,,,,
2019-02-27,-5.1,,,,,,,,,,,,
2019-02-28,-9.8,,,,,,,,,,,,
2019-03-01,-10.4,,,,,,,,,,,,
2019-03-04,-10.4,,,,,,,,,,,,
2019-03-05,-11.5,,,,,,,,,,,,
2019-03-06,-7.1,,,,,,,,,,,,
2019-03-07,-6.4,,,,,,,,,,,,
2019-03-08,-6.8,,,,,,,,,,,,
2019-03-11,-6.9,,,,,,,,,,,,
2019-03-12,-4.7,,,,,,,,,,,,
2019-03-13,-8.2,,,,,,,,,,,,
2019-03-14,-2.6,,,,,,,,,,,,
2019-03-15,-6.3,,,,,,,,,,,,
2019-03-18,-5.5,,,,,,,,,,,,
2019-03-19,2.5,,,,,,,,,,,,
2019-03-20,-3.9,,,,,,,,,,,,
2019-03-21,-3.9,,,,,,,,,,,,
2019-03-22,2.7,,,,,,,,,,,,
2019-03-25,-10.1,,,,,,,,,,,,
2019-03-26,-6.2,,,,,,,,,,,,
2019-03-27,-6.6,,,,,,,,,,,,
2019-03-28,-3.8,,,,,,,,,,,,
2019-03-29,-3.7,,,,,,,,,,,,
2019-04-01,-3.7,,,,,,,,,,,,
2019-04-02,-4.3,,,,,,,,,,,,
2019-04-03,1.0,,,,,,,,,,,,
2019-04-04,0.1,,,,,,,,,,,,
2019-04-05,-1.4,,,,,,,,,,,,
2019-04-08,-1.9,,,,,,,,,,,,
2019-04-09,-9.4,,,,,,,,,,,,
2019-04-10,-3.9,,,,,,,,,,,,
2019-04-11,-3.1,,,,,,,,,,,,
2019-04-12,-2.9,,,,,,,,,,,,
2019-04-15,-1.6,,,,,,,,,,,,
2019-04-16,-2.7,,,,,,,,,,,,
2019-04-17,-2.7,,,,,,,,,,,,
2019-04-18,-3.6,,,,,,,,,,,,
2019-04-19,-3.6,,,,,,,,,,,,
2019-04-22,-3.6,,,,,,,,,,,,
2019-04-23,5.5,,,,,,,,,,,,
2019-04-24,-5.8,,,,,,,,,,,,
2019-04-25,1.7,,,,,,,,,,,,
2019-04-26,-6.4,,,,,,,,,,,,
2019-04-29,-6.4,,,,,,,,,,,,
2019-04-30,-7.2,,,,,,,,,,,,
2019-05-01,-7.2,,,,,,,,,,,,
2019-05-02,-4.8,,,,,,,,,,,,
2019-05-03,-2.5,,,,,,,,,,,,
2019-05-06,-2.5,,,,,,,,,,,,
2019-05-07,-2.1,,,,,,,,,,,,
2019-05-08,-1.4,,,,,,,,,,,,
2019-05-09,-4.8,,,,,,,,,,,,
2019-05-10,-6.2,,,,,,,,,,,,
2019-05-13,-0.4,,,,,,,,,,,,
2019-05-14,-5.6,,,,,,,,,,,,
2019-05-15,-3.0,,,,,,,,,,,,
2019-05-16,-7.0,,,,,,,,,,,,
2019-05-17,-5.6,,,,,,,,,,,,
2019-05-20,-1.3,,,,,,,,,,,,
2019-05-21,-5.9,,,,,,,,,,,,
2019-05-22,-6.2,,,,,,,,,,,,
2019-05-23,2.5,,,,,,,,,,,,
2019-05-24,-7.1,,,,,,,,,,,,
2019-05-27,-7.1,,,,,,,,,,,,
2019-05-28,-4.1,,,,,,,,,,,,
2019-05-29,-4.5,,,,,,,,,,,,
2019-05-30,-1.3,,,,,,,,,,,,
2019-05-31,-4.3,,,,,,,,,,,,
2019-06-03,-6.7,,,,,,,,,,,,
2019-06-04,-4.6,,,,,,,,,,,,
2019-06-05,-4.6,,,,,,,,,,,,
2019-06-06,-8.9,,,,,,,,,,,,
2019-06-07,-4.9,,,,,,,,,,,,
2019-06-10,-5.8,,,,,,,,,,,,
2019-06-11,-5.2,,,,,,,,,,,,
2019-06-12,-10.1,,,,,,,,,,,,
2019-06-13,-6.4,,,,,,,,,,,,
2019-06-14,-7.9,,,,,,,,,,,,
2019-06-17,-12.6,,,,,,,,,,,,
2019-06-18,-16.3,,,,,,,,,,,,
2019-06-19,-15.2,,,,,,,,,,,,
2019-06-20,-18.4,,,,,,,,,,,,
2019-06-21,-13.4,,,,,,,,,,,,
2019-06-24,-21.8,,,,,,,,,,,,
2019-06-25,-30.4,,,,,,,,,,,,
2019-06-26,-34.4,,,,,,,,,,,,
2019-06-27,-29.4,,,,,,,,,,,,
2019-06-28,-27.2,,,,,,,,,,,,
2019-07-01,-25.2,,,,,,,,,,,,
2019-07-02,-27.6,,,,,,,,,,,,
2019-07-03,-32.3,,,,,,,,,,,,
2019-07-04,-21.7,,,,,,,,,,,,
2019-07-05,-17.8,,,,,,,,,,,,
2019-07-08,-30.0,,,,,,,,,,,,
2019-07-09,-30.0,,,,,,,,,,,,
2019-07-10,-28.3,,,,,,,,,,,,
2019-07-11,-35.4,,,,,,,,,,,,
2019-07-12,-29.8,,,,,,,,,,,,
2019-07-15,-33.7,,,,,,,,,,,,
2019-07-16,-32.0,,,,,,,,,,,,
2019-07-17,-28.4,,,,,,,,,,,,
2019-07-18,-37.5,,,,,,,,,,,,
2019-07-19,-35.0,,,,,,,,,,,,
2019-07-22,-33.5,,,,,,,,,,,,
2019-07-23,-29.5,,,,,,,,,,,,
2019-07-24,-36.1,,,,,,,,,,,,
2019-07-25,-34.3,,,,,,,,,,,,
2019-07-26,-35.0,,,,,,,,,,,,
2019-07-29,-34.8,,,,,,,,,,,,
2019-07-30,-38.1,,,,,,,,,,,,
2019-07-31,-42.3,,,,,,,,,,,,
2019-08-01,-37.6,,,,,,,,,,,,
2019-08-02,-38.6,,,,,,,,,,,,
2019-08-05,-37.2,,,,,,,,,,,,
2019-08-06,-41.4,,,,,,,,,,,,
2019-08-07,-46.7,,,,,,,,,,,,
2019-08-08,-54.2,,,,,,,,,,,,
2019-08-09,-54.0,,,,,,,,,,,,
2019-08-12,-54.0,,,,,,,,,,,,
2019-08-13,-69.7,,,,,,,,,,,,
2019-08-14,-69.7,,,,,,,,,,,,
2019-08-15,-71.0,,,,,,,,,,,,
2019-08-16,-71.0,,,,,,,,,,,,
2019-08-19,-62.0,,,,,,,,,,,,
2019-08-20,-61.9,,,,,,,,,,,,
2019-08-21,-63.0,,,,,,,,,,,,
2019-08-22,-59.9,,,,,,,,,,,,
2019-08-23,-60.2,,,,,,,,,,,,
2019-08-26,-60.2,,,,,,,,,,,,
2019-08-27,-63.6,,,,,,,,,,,,
2019-08-28,-53.9,,,,,,,,,,,,
2019-08-29,-57.2,,,,,,,,,,,,
2019-08-30,-56.8,,,,,,,,,,,,
2019-09-03,-51.0,,,,,,,,,,,,
2019-09-04,-54.8,,,,,,,,,,,,
2019-09-05,-54.5,,,,,,,,,,,,
2019-09-06,-52.3,,,,,,,,,,,,
2019-09-09,-51.4,,,,,,,,,,,,
2019-09-10,-51.4,,,,,,,,,,,,
2019-09-11,-51.9,,,,,,,,,,,,
2019-09-12,-64.7,,,,,,,,,,,,
2019-09-13,-63.8,,,,,,,,,,,,
2019-09-16,-60.0,,,,,,,,,,,,
2019-09-17,-59.7,,,,,,,,,,,,
2019-09-18,-66.2,,,,,,,,,,,,
2019-09-19,-62.5,,,,,,,,,,,,
2019-09-20,-65.5,,,,,,,,,,,,
2019-09-23,-65.1,,,,,,,,,,,,
2019-09-24,-63.0,,,,,,,,,,,,
2019-09-25,-67.4,,,,,,,,,,,,
2019-09-26,-57.3,,,,,,,,,,,,
2019-09-27,-51.1,,,,,,,,,,,,
2019-09-30,-39.3,,,,,,,,,,,,
2019-10-01,-30.6,,,,,,,,,,,,
2019-10-02,-30.6,,,,,,,,,,,,
2019-10-03,-41.5,,,,,,,,,,,,
2019-10-04,-31.3,,,,,,,,,,,,
2019-10-07,-30.9,,,,,,,,,,,,
2019-10-08,-30.9,,,,,,,,,,,,
2019-10-09,-29.0,,,,,,,,,,,,
2019-10-10,-24.4,,,,,,,,,,,,
2019-10-11,-23.1,,,,,,,,,,,,
2019-10-14,-19.3,,,,,,,,,,,,
2019-10-15,-17.5,,,,,,,,,,,,
2019-10-16,-15.2,,,,,,,,,,,,
2019-10-17,-14.0,,,,,,,,,,,,
2019-10-18,-12.5,,,,,,,,,,,,
2019-10-21,-12.5,,,,,,,,,,,,
2019-10-22,-8.5,,,,,,,,,,,,
2019-10-23,-11.4,,,,,,,,,,,,
2019-10-24,-6.5,,,,,,,,,,,,
2019-10-25,-7.5,,,,,,,,,,,,
2019-10-28,-7.5,,,,,,,,,,,,
2019-10-29,-11.1,,,,,,,,,,,,
2019-10-30,-7.3,,,,,,,,,,,,
2019-10-31,-5.1,,,,,,,,,,,,
2019-11-01,-7.8,,,,,,,,,,,,
2019-11-04,-3.3,,,,,,,,,,,,
2019-11-05,-5.3,,,,,,,,,,,,
2019-11-06,-4.0,,,,,,,,,,,,
2019-11-07,-3.1,,,,,,,,,,,,
2019-11-08,-2.3,,,,,,,,,,,,
2019-11-11,-5.3,,,,,,,,,,,,
2019-11-12,-5.3,,,,,,,,,,,,
2019-11-13,-3.5,,,,,,,,,,,,
2019-11-14,-10.2,,,,,,,,,,,,
2019-11-15,-6.4,,,,,,,,,,,,
2019-11-18,-3.1,,,,,,,,,,,,
2019-11-19,-5.8,,,,,,,,,,,,
2019-11-20,-6.2,,,,,,,,,,,,
2019-11-21,-8.4,,,,,,,,,,,,
2019-11-22,-11.2,,,,,,,,,,,,
2019-11-25,-7.9,,,,,,,,,,,,
2019-11-26,-7.7,,,,,,,,,,,,
2019-11-27,-7.3,,,,,,,,,,,,
2019-11-28,-7.3,,,,,,,,,,,,
2019-11-29,-5.8,,,,,,,,,,,,
2019-12-02,-8.8,,,,,,,,,,,,
2019-12-03,-7.6,,,,,,,,,,,,
2019-12-04,-12.5,,,,,,,,,,,,
2019-12-05,-11.7,,,,,,,,,,,,
2019-12-06,-6.6,,,,,,,,,,,,
2019-12-09,-8.9,,,,,,,,,,,,
2019-12-10,-6.9,,,,,,,,,,,,
2019-12-11,-8.2,,,,,,,,,,,,
2019-12-12,-6.5,,,,,,,,,,,,
2019-12-13,-4.9,,,,,,,,,,,,
2019-12-16,-9.3,,,,,,,,,,,,
2019-12-17,-8.9,,,,,,,,,,,,
2019-12-18,-10.5,,,,,,,,,,,,
2019-12-19,-9.6,,,,,,,,,,,,
2019-12-20,-9.0,,,,,,,,,,,,
2019-12-23,-8.8,,,,,,,,,,,,
2019-12-24,-8.9,,,,,,,,,,,,
2019-12-25,-8.9,,,,,,,,,,,,
2019-12-26,-8.9,,,,,,,,,,,,
2019-12-27,-7.6,,,,,,,,,,,,
2019-12-30,-10.5,,,,,,,,,,,,
2019-12-31,-8.7,,,,,,,,,,,,
2020-01-01,-8.7,,,,,,,,,,,,
2020-01-02,-14.3,,,,,,,,,,,,
2020-01-03,-10.5,,,,,,,,,,,,
2020-01-06,-17.5,,,,,,,,,,,,
2020-01-07,-13.5,,,,,,,,,,,,
2020-01-08,-21.3,,,,,,,,,,,,
2020-01-09,-16.2,,,,,,,,,,,,
2020-01-10,-14.8,,,,,,,,,,,,
2020-01-13,-9.9,,,,,,,,,,,,
2020-01-14,-6.8,,,,,,,,,,,,
2020-01-15,-12.9,,,,,,,,,,,,
2020-01-16,-15.5,,,,,,,,,,,,
2020-01-17,-15.0,,,,,,,,,,,,
2020-01-20,-11.7,,,,,,,,,,,,
2020-01-21,-15.7,,,,,,,,,,,,
2020-01-22,-15.4,,,,,,,,,,,,
2020-01-23,-13.9,,,,,,,,,,,,
2020-01-24,-16.0,,,,,,,,,,,,
2020-01-27,-13.2,,,,,,,,,,,,
2020-01-28,-15.8,,,,,,,,,,,,
2020-01-29,-10.5,,,,,,,,,,,,
2020-01-30,-8.3,,,,,,,,,,,,
2020-01-31,-10.6,,,,,,,,,,,,
2020-02-03,-14.2,,,,,,,,,,,,
2020-02-04,-6.7,,,,,,,,,,,,
2020-02-05,-8.6,,,,,,,,,,,,
2020-02-06,-11.8,,,,,,,,,,,,
2020-02-07,-26.2,,,,,,,,,,,,
2020-02-10,-9.7,,,,,,,,,,,,
2020-02-11,-6.9,,,,,,,,,,,,
2020-02-12,-6.6,,,,,,,,,,,,
2020-02-13,-13.0,,,,,,,,,,,,
2020-02-14,-10.0,,,,,,,,,,,,
2020-02-17,-12.2,,,,,,,,,,,,
2020-02-18,-8.6,,,,,,,,,,,,
2020-02-19,-8.6,,,,,,,,,,,,
2020-02-20,-8.3,,,,,,,,,,,,
2020-02-21,-8.3,,,,,,,,,,,,
2020-02-24,-9.6,,,,,,,,,,,,
2020-02-25,-12.6,,,,,,,,,,,,
2020-02-26,-22.6,,,,,,,,,,,,
2020-02-27,-22.0,,,,,,,,,,,,
2020-02-28,-18.9,,,,,,,,,,,,
2020-03-02,-17.0,,,,,,,,,,,,
2020-03-03,-15.0,,,,,,,,,,,,
2020-03-04,-31.8,,,,,,,,,,,,
2020-03-05,-21.7,,,,,,,,,,,,
2020-03-06,-31.5,,,,,,,,,,,,
2020-03-09,-51.6,,,,,,,,,,,,
2020-03-10,-51.6,,,,,,,,,,,,
2020-03-11,-48.3,,,,,,,,,,,,
2020-03-12,-38.2,,,,,,,,,,,,
2020-03-13,-45.3,,,,,,,,,,,,
2020-03-16,-38.4,,,,,,,,,,,,
2020-03-17,-6.3,,,,,,,,,,,,
2020-03-18,-9.9,,,,,,,,,,,,
2020-03-19,-9.6,,,,,,,,,,,,
2020-03-20,-9.2,,,,,,,,,,,,
2020-03-23,-22.3,,,,,,,,,,,,
2020-03-24,-71.8,,,,,,,,,,,,
2020-03-25,-24.8,,,,,,,,,,,,
2020-03-26,-24.8,,,,,,,,,,,,
2020-03-27,-23.7,,,,,,,,,,,,
2020-03-30,-29.5,,,,,,,,,,,,
2020-03-31,-39.7,,,,,,,,,,,,
2020-04-01,-39.7,,,,,,,,,,,,
2020-04-02,-39.7,,,,,,,,,,,,
2020-04-03,-25.6,,,,,,,,,,,,